timestamp,angry,disgust,fear,happy,sad,surprise,neutral,attention
0.6312987804412842,0.0,0.0,0.0,0.0,0.0,0.0,0.0,0.0
0.696404218673706,0.0,0.0,0.0,0.0,0.0,0.0,0.0,0.0
0.7172439098358154,0.0,0.0,0.0,0.0,0.0,0.0,0.0,0.8516788722431168
0.7350261211395264,0.0,0.0,0.0,0.0,0.0,0.0,0.0,0.8478651086036892
0.7570385932922363,0.0,0.0,0.0,0.0,0.0,0.0,0.0,0.8537268199763165
0.7798562049865723,0.0,0.0,0.0,0.0,0.0,0.0,0.0,0.84905428439271
0.8113067150115967,0.0,0.0,0.0,0.0,0.0,0.0,0.0,0.8521978960653622
0.8465840816497803,0.0,0.0,0.0,0.0,0.0,0.0,0.0,0.8521674857437145
0.8827159404754639,0.0,0.0,0.0,0.0,0.0,0.0,0.0,0.8542784923369988
0.9034512042999268,0.0,0.0,0.0,0.0,0.0,0.0,0.0,0.8541493115059264
0.9363875389099121,0.0,0.0,0.0,0.0,0.0,0.0,0.0,0.854463940948456
0.9868121147155762,0.0,0.0,0.0,0.0,0.0,0.0,0.0,0.8567574889979134
1.0077362060546875,0.0,0.0,0.0,0.0,0.0,0.0,0.0,0.8529635807838447
1.0312182903289795,0.0,0.0,0.0,0.0,0.0,0.0,0.0,0.8573300144748119
1.0658094882965088,0.0,0.0,0.0,0.0,0.0,0.0,0.0,0.8570414123482206
1.1059792041778564,0.0,0.0,0.0,0.0,0.0,0.0,0.0,0.8595479837830629
1.1551406383514404,0.0,0.0,0.0,0.0,0.0,0.0,0.0,0.8613891537513914
1.1900887489318848,0.0,0.0,0.0,0.0,0.0,0.0,0.0,0.8653332005844966
1.2175688743591309,0.0,0.0,0.0,0.0,0.0,0.0,0.0,0.8653849935641721
1.2382848262786865,0.0,0.0,0.0,0.0,0.0,0.0,0.0,0.8703615401677277
1.267768144607544,0.0,0.0,0.0,0.0,0.0,0.0,0.0,0.8705213302426468
1.324483871459961,0.0,0.0,0.0,0.0,0.0,0.0,0.0,0.8728758342326344
1.353987216949463,0.0,0.0,0.0,0.0,0.0,0.0,0.0,0.8744775270891421
1.382659673690796,0.0,0.0,0.0,0.0,0.0,0.0,0.0,0.8754888697787738
1.411168098449707,0.0,0.0,0.0,0.0,0.0,0.0,0.0,0.8753104478200294
1.4358367919921875,0.0,0.0,0.0,0.0,0.0,0.0,0.0,0.8741968391301039
1.4906163215637207,0.0,0.0,0.0,0.0,0.0,0.0,0.0,0.8738205813949262
1.5197367668151855,0.0,0.0,0.0,0.0,0.0,0.0,0.0,0.8734359939029093
1.5521795749664307,0.0,0.0,0.0,0.0,0.0,0.0,0.0,0.8741590503334382
1.595613718032837,0.0,0.0,0.0,0.0,0.0,0.0,0.0,0.8746785018766057
1.6311028003692627,0.0,0.0,0.0,0.0,0.0,0.0,0.0,0.8741892806970258
1.6557409763336182,0.0,0.0,0.0,0.0,0.0,0.0,0.0,0.873965488978705
1.693220853805542,0.0,0.0,0.0,0.0,0.0,0.0,0.0,0.873972304883935
1.720120906829834,0.0,0.0,0.0,0.0,0.0,0.0,0.0,0.8727482040663018
1.7439098358154297,0.0,0.0,0.0,0.0,0.0,0.0,0.0,0.8729190115827969
1.7630646228790283,0.0,0.0,0.0,0.0,0.0,0.0,0.0,0.8729850879630419
1.8011891841888428,0.0,0.0,0.0,0.0,0.0,0.0,0.0,0.8724198316403556
1.848865270614624,0.0,0.0,0.0,0.0,0.0,0.0,0.0,0.8713635737847708
1.8706409931182861,0.0,0.0,0.0,0.0,0.0,0.0,0.0,0.8725008777040228
1.895813226699829,0.0,0.0,0.0,0.0,0.0,0.0,0.0,0.8720721782864136
1.9351415634155273,0.0,0.0,0.0,0.0,0.0,0.0,0.0,0.8719385777843045
1.9685590267181396,0.0,0.0,0.0,0.0,0.0,0.0,0.0,0.8719294810436616
2.0035839080810547,0.0,0.0,0.0,0.0,0.0,0.0,0.0,0.8717117772380927
2.03427791595459,0.0,0.0,0.0,0.0,0.0,0.0,0.0,0.8714692559565372
2.0889604091644287,0.0,0.0,0.0,0.0,0.0,0.0,0.0,0.8710637049155837
2.1131205558776855,0.0,0.0,0.0,0.0,0.0,0.0,0.0,0.8700648649643012
2.134937047958374,0.0,0.0,0.0,0.0,0.0,0.0,0.0,0.8717165911963389
2.167248487472534,0.0,0.0,0.0,0.0,0.0,0.0,0.0,0.8694815052270775
2.2030372619628906,0.0,0.0,0.0,0.0,0.0,0.0,0.0,0.8709363322099062
2.241370677947998,0.0,0.0,0.0,0.0,0.0,0.0,0.0,0.8700309200599406
2.2745001316070557,0.0,0.0,0.0,0.0,0.0,0.0,0.0,0.870662134288849
2.3060009479522705,0.0,0.0,0.0,0.0,0.0,0.0,0.0,0.8691958901485759
2.3469114303588867,0.0,0.0,0.0,0.0,0.0,0.0,0.0,0.8698845965080775
2.371868848800659,0.0,0.0,0.0,0.0,0.0,0.0,0.0,0.8705447843246943
2.421164035797119,0.0,0.0,0.0,0.0,0.0,0.0,0.0,0.8693376939710602
2.4505720138549805,0.0,0.0,0.0,0.0,0.0,0.0,0.0,0.8704809242932194
2.4789886474609375,0.0,0.0,0.0,0.0,0.0,0.0,0.0,0.8688678397686542
2.515472173690796,0.0,0.0,0.0,0.0,0.0,0.0,0.0,0.869524437387204
2.5409674644470215,0.0,0.0,0.0,0.0,0.0,0.0,0.0,0.8698149171920221
2.570852279663086,0.0,0.0,0.0,0.0,0.0,0.0,0.0,0.8695701159129434
2.6222941875457764,0.0,0.0,0.0,0.0,0.0,0.0,0.0,0.8701898859721637
2.6495919227600098,0.0,0.0,0.0,0.0,0.0,0.0,0.0,0.8672466734321369
2.6861631870269775,0.0,0.0,0.0,0.0,0.0,0.0,0.0,0.8695956971449604
2.7070178985595703,0.0,0.0,0.0,0.0,0.0,0.0,0.0,0.8689008179701909
2.744849920272827,0.0,0.0,0.0,0.0,0.0,0.0,0.0,0.8703123737660146
2.7715697288513184,0.0,0.0,0.0,0.0,0.0,0.0,0.0,0.8689214603084485
2.8133740425109863,0.0,0.0,0.0,0.0,0.0,0.0,0.0,0.87034615983857
2.847163438796997,0.0,0.0,0.0,0.0,0.0,0.0,0.0,0.8710234773014871
2.8864567279815674,0.0,0.0,0.0,0.0,0.0,0.0,0.0,0.8681077360384528
2.909273624420166,0.0,0.0,0.0,0.0,0.0,0.0,0.0,0.8683850910053769
2.9442172050476074,0.0,0.0,0.0,0.0,0.0,0.0,0.0,0.8691292844755069
2.9737508296966553,0.0,0.0,0.0,0.0,0.0,0.0,0.0,0.868120141803739
3.003000020980835,0.0,0.0,0.0,0.0,0.0,0.0,0.0,0.8703620053649255
3.031104803085327,0.0,0.0,0.0,0.0,0.0,0.0,0.0,0.8689685791756021
3.0601017475128174,0.0,0.0,0.0,0.0,0.0,0.0,0.0,0.868934194205184
3.1135342121124268,0.0,0.0,0.0,0.0,0.0,0.0,0.0,0.8691357092737004
3.143925666809082,0.0,0.0,0.0,0.0,0.0,0.0,0.0,0.8674611742824414
3.172109842300415,0.0,0.0,0.0,0.0,0.0,0.0,0.0,0.8645347720242915
3.211672782897949,0.0,0.0,0.0,0.0,0.0,0.0,0.0,0.8636763334542295
3.2496211528778076,0.0,0.0,0.0,0.0,0.0,0.0,0.0,0.86316309537378
3.2746362686157227,0.0,0.0,0.0,0.0,0.0,0.0,0.0,0.864463101381256
3.317988634109497,0.0,0.0,0.0,0.0,0.0,0.0,0.0,0.8650866492272139
3.3402583599090576,0.0,0.0,0.0,0.0,0.0,0.0,0.0,0.8655659821786412
3.3624229431152344,0.0,0.0,0.0,0.0,0.0,0.0,0.0,0.866070288921911
3.41323184967041,0.0,0.0,0.0,0.0,0.0,0.0,0.0,0.8655736604687829
3.45383358001709,0.0,0.0,0.0,0.0,0.0,0.0,0.0,0.8653526855040405
3.487060070037842,0.0,0.0,0.0,0.0,0.0,0.0,0.0,0.865850583191504
3.5185577869415283,0.0,0.0,0.0,0.0,0.0,0.0,0.0,0.8669454419787921
3.5518226623535156,0.0,0.0,0.0,0.0,0.0,0.0,0.0,0.8699809018390857
3.580806255340576,0.0,0.0,0.0,0.0,0.0,0.0,0.0,0.8707326068467136
3.6193432807922363,0.0,0.0,0.0,0.0,0.0,0.0,0.0,0.8740967692090349
3.6435225009918213,0.0,0.0,0.0,0.0,0.0,0.0,0.0,0.8741191624286151
3.6690351963043213,0.0,0.0,0.0,0.0,0.0,0.0,0.0,0.8735748442426747
3.6961004734039307,0.0,0.0,0.0,0.0,0.0,0.0,0.0,0.8733583407518464
3.7253353595733643,0.0,0.0,0.0,0.0,0.0,0.0,0.0,0.8732676897492774
3.7555758953094482,0.0,0.0,0.0,0.0,0.0,0.0,0.0,0.8737212015219518
3.89595627784729,0.12,0.0,0.41,0.09,0.1,0.04,0.24,0.87370681687861
3.9191536903381348,0.0,0.0,0.0,0.0,0.0,0.0,0.0,0.8731049594682129
3.974689483642578,0.15,0.0,0.37,0.18,0.07,0.07,0.16,0.8733970890655565
3.9953389167785645,0.0,0.0,0.0,0.0,0.0,0.0,0.0,0.8736357305336946
4.0178306102752686,0.0,0.0,0.0,0.0,0.0,0.0,0.0,0.8736629061126167
4.037005662918091,0.0,0.0,0.0,0.0,0.0,0.0,0.0,0.8730452114061411
4.057322025299072,0.0,0.0,0.0,0.0,0.0,0.0,0.0,0.8734399202709504
4.077758550643921,0.0,0.0,0.0,0.0,0.0,0.0,0.0,0.8733277336376982
4.0968849658966064,0.0,0.0,0.0,0.0,0.0,0.0,0.0,0.8732196364282504
4.117968797683716,0.0,0.0,0.0,0.0,0.0,0.0,0.0,0.8730921405264107
4.137986660003662,0.0,0.0,0.0,0.0,0.0,0.0,0.0,0.8730723938795697
4.170954465866089,0.0,0.0,0.0,0.0,0.0,0.0,0.0,0.8729349139562114
4.206850528717041,0.0,0.0,0.0,0.0,0.0,0.0,0.0,0.8732130628973178
4.238799333572388,0.0,0.0,0.0,0.0,0.0,0.0,0.0,0.8727317086847517
4.271186590194702,0.0,0.0,0.0,0.0,0.0,0.0,0.0,0.8724840397352726
4.314090251922607,0.0,0.0,0.0,0.0,0.0,0.0,0.0,0.8733521914996107
4.340798616409302,0.0,0.0,0.0,0.0,0.0,0.0,0.0,0.8726326211065243
4.375155210494995,0.0,0.0,0.0,0.0,0.0,0.0,0.0,0.8728223124222994
4.401818037033081,0.0,0.0,0.0,0.0,0.0,0.0,0.0,0.8726653510036768
4.459065914154053,0.0,0.0,0.0,0.0,0.0,0.0,0.0,0.8705034854881766
5.129692792892456,0.0,0.0,0.0,0.0,0.0,0.0,0.0,0.8647279729311892
5.15752100944519,0.0,0.0,0.0,0.0,0.0,0.0,0.0,0.8622858796106605
5.1845996379852295,0.0,0.0,0.0,0.0,0.0,0.0,0.0,0.8553201435000302
5.210724592208862,0.0,0.0,0.0,0.0,0.0,0.0,0.0,0.8536026656217268
5.238452672958374,0.0,0.0,0.0,0.0,0.0,0.0,0.0,0.855563914966681
5.265714645385742,0.0,0.0,0.0,0.0,0.0,0.0,0.0,0.8568684129496543
5.287076950073242,0.0,0.0,0.0,0.0,0.0,0.0,0.0,0.8579518985737091
5.335384368896484,0.0,0.0,0.0,0.0,0.0,0.0,0.0,0.8579460470776684
5.364628791809082,0.0,0.0,0.0,0.0,0.0,0.0,0.0,0.8573404080504682
5.398209810256958,0.0,0.0,0.0,0.0,0.0,0.0,0.0,0.8576448559313379
5.430976629257202,0.0,0.0,0.0,0.0,0.0,0.0,0.0,0.8578990614774102
5.4614198207855225,0.0,0.0,0.0,0.0,0.0,0.0,0.0,0.8572123581910409
5.490524530410767,0.0,0.0,0.0,0.0,0.0,0.0,0.0,0.8568057024493999
5.528558254241943,0.0,0.0,0.0,0.0,0.0,0.0,0.0,0.8573689386370904
5.557214260101318,0.0,0.0,0.0,0.0,0.0,0.0,0.0,0.8561871034816495
5.59248948097229,0.0,0.0,0.0,0.0,0.0,0.0,0.0,0.8557456586425287
5.626605272293091,0.0,0.0,0.0,0.0,0.0,0.0,0.0,0.8563170176539613
5.658556699752808,0.0,0.0,0.0,0.0,0.0,0.0,0.0,0.8565145895977435
5.690739870071411,0.0,0.0,0.0,0.0,0.0,0.0,0.0,0.854633678995469
5.71787691116333,0.0,0.0,0.0,0.0,0.0,0.0,0.0,0.8555338026760676
5.755420684814453,0.0,0.0,0.0,0.0,0.0,0.0,0.0,0.8533885560946459
5.821861267089844,0.0,0.0,0.0,0.0,0.0,0.0,0.0,0.8531172224309042
5.8539063930511475,0.0,0.0,0.0,0.0,0.0,0.0,0.0,0.8522221571868931
5.884834051132202,0.0,0.0,0.0,0.0,0.0,0.0,0.0,0.8524938341398134
5.913158416748047,0.0,0.0,0.0,0.0,0.0,0.0,0.0,0.8517480920072288
5.945396184921265,0.0,0.0,0.0,0.0,0.0,0.0,0.0,0.8520312491831838
5.972937107086182,0.0,0.0,0.0,0.0,0.0,0.0,0.0,0.852516896836357
6.006058216094971,0.0,0.0,0.0,0.0,0.0,0.0,0.0,0.8521917454036003
6.059516429901123,0.0,0.0,0.0,0.0,0.0,0.0,0.0,0.8523763694912814
6.098567008972168,0.0,0.0,0.0,0.0,0.0,0.0,0.0,0.8524458045034111
6.1358044147491455,0.0,0.0,0.0,0.0,0.0,0.0,0.0,0.8527305317064757
6.15911602973938,0.0,0.0,0.0,0.0,0.0,0.0,0.0,0.8519126858897638
6.181823968887329,0.0,0.0,0.0,0.0,0.0,0.0,0.0,0.8526532494844863
6.207169771194458,0.0,0.0,0.0,0.0,0.0,0.0,0.0,0.8516940009836931
6.226290225982666,0.0,0.0,0.0,0.0,0.0,0.0,0.0,0.852322028421316
6.24804162979126,0.0,0.0,0.0,0.0,0.0,0.0,0.0,0.8521249067017176
6.283727645874023,0.0,0.0,0.0,0.0,0.0,0.0,0.0,0.8521775067909714
6.345024347305298,0.0,0.0,0.0,0.0,0.0,0.0,0.0,0.8517640331398251
6.37697172164917,0.0,0.0,0.0,0.0,0.0,0.0,0.0,0.8517561923807707
6.400882005691528,0.0,0.0,0.0,0.0,0.0,0.0,0.0,0.8515271193249287
6.441692590713501,0.0,0.0,0.0,0.0,0.0,0.0,0.0,0.8513666253284583
6.467059135437012,0.0,0.0,0.0,0.0,0.0,0.0,0.0,0.8515021828833209
6.49388313293457,0.0,0.0,0.0,0.0,0.0,0.0,0.0,0.8517432830503655
6.54143762588501,0.0,0.0,0.0,0.0,0.0,0.0,0.0,0.8512251442513256
6.594417095184326,0.0,0.0,0.0,0.0,0.0,0.0,0.0,0.8509862777574452
6.6261374950408936,0.0,0.0,0.0,0.0,0.0,0.0,0.0,0.8506704561765488
6.65976357460022,0.0,0.0,0.0,0.0,0.0,0.0,0.0,0.8509855880716672
6.6940906047821045,0.0,0.0,0.0,0.0,0.0,0.0,0.0,0.8508445224065719
6.726149320602417,0.0,0.0,0.0,0.0,0.0,0.0,0.0,0.8507891500712218
6.764655113220215,0.0,0.0,0.0,0.0,0.0,0.0,0.0,0.8508327566097078
6.7891809940338135,0.0,0.0,0.0,0.0,0.0,0.0,0.0,0.8510825663038053
6.814006805419922,0.0,0.0,0.0,0.0,0.0,0.0,0.0,0.8512141949566603
6.83612847328186,0.0,0.0,0.0,0.0,0.0,0.0,0.0,0.8509944458235517
6.859255313873291,0.0,0.0,0.0,0.0,0.0,0.0,0.0,0.8509158536839926
6.8803465366363525,0.0,0.0,0.0,0.0,0.0,0.0,0.0,0.8517058314167961
6.9155049324035645,0.0,0.0,0.0,0.0,0.0,0.0,0.0,0.8509718847926988
6.945634841918945,0.0,0.0,0.0,0.0,0.0,0.0,0.0,0.8505032341885194
6.979857921600342,0.0,0.0,0.0,0.0,0.0,0.0,0.0,0.8502458704600151
7.015701055526733,0.0,0.0,0.0,0.0,0.0,0.0,0.0,0.8500972919147145
7.061915159225464,0.0,0.0,0.0,0.0,0.0,0.0,0.0,0.8499007042759701
7.092433452606201,0.0,0.0,0.0,0.0,0.0,0.0,0.0,0.8491298332266786
7.138271331787109,0.0,0.0,0.0,0.0,0.0,0.0,0.0,0.8495229749704654
7.162651538848877,0.0,0.0,0.0,0.0,0.0,0.0,0.0,0.8509530330988122
7.190466403961182,0.0,0.0,0.0,0.0,0.0,0.0,0.0,0.8505512033250746
7.219853639602661,0.0,0.0,0.0,0.0,0.0,0.0,0.0,0.8506788322541089
7.256898641586304,0.0,0.0,0.0,0.0,0.0,0.0,0.0,0.8505739022916403
7.286446809768677,0.0,0.0,0.0,0.0,0.0,0.0,0.0,0.8505736183418827
7.32515811920166,0.0,0.0,0.0,0.0,0.0,0.0,0.0,0.8508246804008026
7.3600969314575195,0.0,0.0,0.0,0.0,0.0,0.0,0.0,0.850808695302619
7.402853488922119,0.0,0.0,0.0,0.0,0.0,0.0,0.0,0.8506978702375767
7.42813515663147,0.0,0.0,0.0,0.0,0.0,0.0,0.0,0.8507283660293179
7.46614933013916,0.0,0.0,0.0,0.0,0.0,0.0,0.0,0.8506504628711908
7.49064302444458,0.0,0.0,0.0,0.0,0.0,0.0,0.0,0.8511094010495582
7.528229236602783,0.0,0.0,0.0,0.0,0.0,0.0,0.0,0.8507253843571556
7.5555830001831055,0.0,0.0,0.0,0.0,0.0,0.0,0.0,0.8507180491816229
7.5829176902771,0.0,0.0,0.0,0.0,0.0,0.0,0.0,0.8497075971541129
7.621793270111084,0.0,0.0,0.0,0.0,0.0,0.0,0.0,0.850966742364471
7.6748692989349365,0.0,0.0,0.0,0.0,0.0,0.0,0.0,0.8502279199980922
7.698843955993652,0.0,0.0,0.0,0.0,0.0,0.0,0.0,0.8506177253882266
7.720336198806763,0.0,0.0,0.0,0.0,0.0,0.0,0.0,0.8500823801189018
7.7948057651519775,0.0,0.0,0.0,0.0,0.0,0.0,0.0,0.851106851200703
7.828012943267822,0.0,0.0,0.0,0.0,0.0,0.0,0.0,0.8501716195636733
7.864902496337891,0.0,0.0,0.0,0.0,0.0,0.0,0.0,0.8504905188961914
7.893721342086792,0.0,0.0,0.0,0.0,0.0,0.0,0.0,0.8504113546562355
7.923536539077759,0.0,0.0,0.0,0.0,0.0,0.0,0.0,0.850307354620037
7.966989278793335,0.0,0.0,0.0,0.0,0.0,0.0,0.0,0.8500886347085519
7.991306781768799,0.0,0.0,0.0,0.0,0.0,0.0,0.0,0.8500830838815754
8.0139319896698,0.0,0.0,0.0,0.0,0.0,0.0,0.0,0.8490687001116588
8.035179853439331,0.0,0.0,0.0,0.0,0.0,0.0,0.0,0.8499967886524304
8.056443929672241,0.0,0.0,0.0,0.0,0.0,0.0,0.0,0.8496467294063608
8.078197479248047,0.0,0.0,0.0,0.0,0.0,0.0,0.0,0.8503989831116774
8.115620374679565,0.0,0.0,0.0,0.0,0.0,0.0,0.0,0.8499026251529032
8.138320922851562,0.0,0.0,0.0,0.0,0.0,0.0,0.0,0.8502363265178068
8.193166732788086,0.0,0.0,0.0,0.0,0.0,0.0,0.0,0.8495773089089788
8.213002443313599,0.0,0.0,0.0,0.0,0.0,0.0,0.0,0.8498584340495224
8.241579532623291,0.0,0.0,0.0,0.0,0.0,0.0,0.0,0.8487199493293988
8.276764631271362,0.0,0.0,0.0,0.0,0.0,0.0,0.0,0.8510062397186997
8.330291748046875,0.0,0.0,0.0,0.0,0.0,0.0,0.0,0.8487692731156068
8.34897232055664,0.0,0.0,0.0,0.0,0.0,0.0,0.0,0.8488659591365999
8.38378620147705,0.0,0.0,0.0,0.0,0.0,0.0,0.0,0.8499404882407211
8.410990476608276,0.0,0.0,0.0,0.0,0.0,0.0,0.0,0.8493244582103266
8.44690465927124,0.0,0.0,0.0,0.0,0.0,0.0,0.0,0.8491722882319188
8.489735841751099,0.0,0.0,0.0,0.0,0.0,0.0,0.0,0.8486977191733514
8.526830673217773,0.0,0.0,0.0,0.0,0.0,0.0,0.0,0.851188188451748
8.554812669754028,0.0,0.0,0.0,0.0,0.0,0.0,0.0,0.8497530772457904
8.582821130752563,0.0,0.0,0.0,0.0,0.0,0.0,0.0,0.8508427711955048
8.610248565673828,0.0,0.0,0.0,0.0,0.0,0.0,0.0,0.8505666944418776
8.656020402908325,0.0,0.0,0.0,0.0,0.0,0.0,0.0,0.8501326329759082
8.679449796676636,0.0,0.0,0.0,0.0,0.0,0.0,0.0,0.8508265001171419
8.70716667175293,0.0,0.0,0.0,0.0,0.0,0.0,0.0,0.8508577031753426
8.77531361579895,0.0,0.0,0.0,0.0,0.0,0.0,0.0,0.851502631540432
8.813847780227661,0.0,0.0,0.0,0.0,0.0,0.0,0.0,0.8513638197673288
8.859496593475342,0.0,0.0,0.0,0.0,0.0,0.0,0.0,0.8521153900813103
8.900309085845947,0.0,0.0,0.0,0.0,0.0,0.0,0.0,0.8528693834430634
8.925381183624268,0.0,0.0,0.0,0.0,0.0,0.0,0.0,0.8528084106569681
8.9657461643219,0.0,0.0,0.0,0.0,0.0,0.0,0.0,0.8544266415948281
8.990307092666626,0.0,0.0,0.0,0.0,0.0,0.0,0.0,0.8529053896352041
9.01262640953064,0.0,0.0,0.0,0.0,0.0,0.0,0.0,0.8549195872172235
9.034328937530518,0.0,0.0,0.0,0.0,0.0,0.0,0.0,0.8545577184493078
9.057575464248657,0.0,0.0,0.0,0.0,0.0,0.0,0.0,0.8552005206699995
9.078184127807617,0.0,0.0,0.0,0.0,0.0,0.0,0.0,0.8539166724736289
9.117692708969116,0.0,0.0,0.0,0.0,0.0,0.0,0.0,0.855835101204642
9.15372920036316,0.0,0.0,0.0,0.0,0.0,0.0,0.0,0.8546552628550138
9.187276363372803,0.0,0.0,0.0,0.0,0.0,0.0,0.0,0.8554494237353618
9.218087434768677,0.0,0.0,0.0,0.0,0.0,0.0,0.0,0.8542781477490791
9.249296188354492,0.0,0.0,0.0,0.0,0.0,0.0,0.0,0.8564711470510615
9.281916618347168,0.0,0.0,0.0,0.0,0.0,0.0,0.0,0.8548932740985853
9.316624164581299,0.0,0.0,0.0,0.0,0.0,0.0,0.0,0.8566538426116443
9.345293998718262,0.0,0.0,0.0,0.0,0.0,0.0,0.0,0.855005419356705
9.38020396232605,0.0,0.0,0.0,0.0,0.0,0.0,0.0,0.8562991417856476
9.404562950134277,0.0,0.0,0.0,0.0,0.0,0.0,0.0,0.8548739830441234
9.462153673171997,0.0,0.0,0.0,0.0,0.0,0.0,0.0,0.8562988063268866
9.492076396942139,0.0,0.0,0.0,0.0,0.0,0.0,0.0,0.8548650172836718
9.53091549873352,0.0,0.0,0.0,0.0,0.0,0.0,0.0,0.8563229593532959
9.559573650360107,0.0,0.0,0.0,0.0,0.0,0.0,0.0,0.8546504907852641
9.587751626968384,0.0,0.0,0.0,0.0,0.0,0.0,0.0,0.8560251006965698
9.629586696624756,0.0,0.0,0.0,0.0,0.0,0.0,0.0,0.8546422171787155
9.657812118530273,0.0,0.0,0.0,0.0,0.0,0.0,0.0,0.8560164275669405
9.685864210128784,0.0,0.0,0.0,0.0,0.0,0.0,0.0,0.8558438185121242
9.716458559036255,0.0,0.0,0.0,0.0,0.0,0.0,0.0,0.8562815791154126
9.743799448013306,0.0,0.0,0.0,0.0,0.0,0.0,0.0,0.8556009431019727
9.77481198310852,0.0,0.0,0.0,0.0,0.0,0.0,0.0,0.856031490081522
9.822766542434692,0.0,0.0,0.0,0.0,0.0,0.0,0.0,0.8564015144915427
9.861822605133057,0.0,0.0,0.0,0.0,0.0,0.0,0.0,0.8566682923623457
9.88933777809143,0.0,0.0,0.0,0.0,0.0,0.0,0.0,0.8538161340427779
9.922917366027832,0.0,0.0,0.0,0.0,0.0,0.0,0.0,0.8494698149302224
9.9452223777771,0.0,0.0,0.0,0.0,0.0,0.0,0.0,0.8494000766871466
9.990224123001099,0.0,0.0,0.0,0.0,0.0,0.0,0.0,0.8503569682434682
10.015803337097168,0.0,0.0,0.0,0.0,0.0,0.0,0.0,0.8521402807812121
10.055134534835815,0.0,0.0,0.0,0.0,0.0,0.0,0.0,0.8526565329156288
10.086962699890137,0.0,0.0,0.0,0.0,0.0,0.0,0.0,0.8525664898712827
10.110288143157959,0.0,0.0,0.0,0.0,0.0,0.0,0.0,0.8533824772447887
10.179916858673096,0.0,0.0,0.0,0.0,0.0,0.0,0.0,0.8531218163121388
10.214266538619995,0.0,0.0,0.0,0.0,0.0,0.0,0.0,0.8531207048106397
10.248560905456543,0.0,0.0,0.0,0.0,0.0,0.0,0.0,0.8537398019600122
10.282516241073608,0.0,0.0,0.0,0.0,0.0,0.0,0.0,0.8536701195935881
10.325412511825562,0.0,0.0,0.0,0.0,0.0,0.0,0.0,0.8536692904071502
10.37349534034729,0.0,0.0,0.0,0.0,0.0,0.0,0.0,0.8538625089240492
10.395080804824829,0.0,0.0,0.0,0.0,0.0,0.0,0.0,0.8542591560108124
10.425031661987305,0.0,0.0,0.0,0.0,0.0,0.0,0.0,0.854633321303836
10.449050903320312,0.0,0.0,0.0,0.0,0.0,0.0,0.0,0.8546564298932158
10.472275972366333,0.0,0.0,0.0,0.0,0.0,0.0,0.0,0.8547324083910761
10.493446588516235,0.0,0.0,0.0,0.0,0.0,0.0,0.0,0.8551985260554372
10.514487743377686,0.0,0.0,0.0,0.0,0.0,0.0,0.0,0.8551791582908072
10.543555498123169,0.0,0.0,0.0,0.0,0.0,0.0,0.0,0.8549473340219889
10.569067001342773,0.0,0.0,0.0,0.0,0.0,0.0,0.0,0.8541768651469226
10.611319780349731,0.0,0.0,0.0,0.0,0.0,0.0,0.0,0.8541737783631638
10.644068241119385,0.0,0.0,0.0,0.0,0.0,0.0,0.0,0.854218910908203
10.67429518699646,0.0,0.0,0.0,0.0,0.0,0.0,0.0,0.8546892564827334
10.726255178451538,0.0,0.0,0.0,0.0,0.0,0.0,0.0,0.8552076216152833
10.75774335861206,0.0,0.0,0.0,0.0,0.0,0.0,0.0,0.8542038101442073
10.785039901733398,0.0,0.0,0.0,0.0,0.0,0.0,0.0,0.854981322509587
10.809016942977905,0.0,0.0,0.0,0.0,0.0,0.0,0.0,0.853571964857868
10.84430456161499,0.0,0.0,0.0,0.0,0.0,0.0,0.0,0.8549234793880061
10.883242130279541,0.0,0.0,0.0,0.0,0.0,0.0,0.0,0.8534034277932968
10.916538000106812,0.0,0.0,0.0,0.0,0.0,0.0,0.0,0.8547671360694047
10.947967290878296,0.0,0.0,0.0,0.0,0.0,0.0,0.0,0.8534824750548404
10.980020761489868,0.0,0.0,0.0,0.0,0.0,0.0,0.0,0.8538358099246015
11.016969442367554,0.0,0.0,0.0,0.0,0.0,0.0,0.0,0.853276267370507
11.034018754959106,0.0,0.0,0.0,0.0,0.0,0.0,0.0,0.853795638527024
11.0660400390625,0.0,0.0,0.0,0.0,0.0,0.0,0.0,0.8532035920483463
11.120137929916382,0.0,0.0,0.0,0.0,0.0,0.0,0.0,0.8541851922002532
11.142644882202148,0.0,0.0,0.0,0.0,0.0,0.0,0.0,0.8537232203845546
11.167131900787354,0.0,0.0,0.0,0.0,0.0,0.0,0.0,0.8537968861733134
11.20268964767456,0.0,0.0,0.0,0.0,0.0,0.0,0.0,0.8522810399944014
11.260617971420288,0.0,0.0,0.0,0.0,0.0,0.0,0.0,0.853292473097061
11.288225889205933,0.0,0.0,0.0,0.0,0.0,0.0,0.0,0.8537320574981051
11.31030535697937,0.0,0.0,0.0,0.0,0.0,0.0,0.0,0.8535950129492649
11.33369493484497,0.0,0.0,0.0,0.0,0.0,0.0,0.0,0.8542064704051981
11.366105318069458,0.0,0.0,0.0,0.0,0.0,0.0,0.0,0.854241184292691
11.40424370765686,0.0,0.0,0.0,0.0,0.0,0.0,0.0,0.8534904559773484
11.431567430496216,0.0,0.0,0.0,0.0,0.0,0.0,0.0,0.8535196863801023
11.468152284622192,0.0,0.0,0.0,0.0,0.0,0.0,0.0,0.8532116405135489
11.521824836730957,0.0,0.0,0.0,0.0,0.0,0.0,0.0,0.8536427238464606
11.559005737304688,0.0,0.0,0.0,0.0,0.0,0.0,0.0,0.854223167065589
11.583070278167725,0.0,0.0,0.0,0.0,0.0,0.0,0.0,0.8537394197851551
11.605420112609863,0.0,0.0,0.0,0.0,0.0,0.0,0.0,0.8535063233810448
11.638934135437012,0.0,0.0,0.0,0.0,0.0,0.0,0.0,0.8531545954312586
11.682498455047607,0.0,0.0,0.0,0.0,0.0,0.0,0.0,0.8536840804238672
11.703979730606079,0.0,0.0,0.0,0.0,0.0,0.0,0.0,0.85287024884944
11.729001522064209,0.0,0.0,0.0,0.0,0.0,0.0,0.0,0.8537561940345983
11.766865968704224,0.0,0.0,0.0,0.0,0.0,0.0,0.0,0.8529270491244924
11.806145429611206,0.0,0.0,0.0,0.0,0.0,0.0,0.0,0.8535210506229829
11.849611759185791,0.0,0.0,0.0,0.0,0.0,0.0,0.0,0.8533103244827321
11.887117862701416,0.0,0.0,0.0,0.0,0.0,0.0,0.0,0.8544488173401941
11.924499750137329,0.0,0.0,0.0,0.0,0.0,0.0,0.0,0.8527840392772659
11.952702283859253,0.0,0.0,0.0,0.0,0.0,0.0,0.0,0.853309728881225
11.97996997833252,0.0,0.0,0.0,0.0,0.0,0.0,0.0,0.8532553590579854
12.01222276687622,0.0,0.0,0.0,0.0,0.0,0.0,0.0,0.8537043114119266
12.043155908584595,0.0,0.0,0.0,0.0,0.0,0.0,0.0,0.8533233075646303
12.070538520812988,0.0,0.0,0.0,0.0,0.0,0.0,0.0,0.855113124349735
12.105656147003174,0.0,0.0,0.0,0.0,0.0,0.0,0.0,0.8544456679196168
12.137087345123291,0.0,0.0,0.0,0.0,0.0,0.0,0.0,0.8547430735652352
12.170724630355835,0.0,0.0,0.0,0.0,0.0,0.0,0.0,0.8535505804002788
12.211203813552856,0.0,0.0,0.0,0.0,0.0,0.0,0.0,0.8566302727202075
12.24864935874939,0.0,0.0,0.0,0.0,0.0,0.0,0.0,0.8545838529726129
12.268697023391724,0.0,0.0,0.0,0.0,0.0,0.0,0.0,0.8551805857385306
12.302571535110474,0.0,0.0,0.0,0.0,0.0,0.0,0.0,0.8541981588102137
12.332469940185547,0.0,0.0,0.0,0.0,0.0,0.0,0.0,0.8541452471544941
12.370530128479004,0.0,0.0,0.0,0.0,0.0,0.0,0.0,0.8549792712647921
12.400760412216187,0.0,0.0,0.0,0.0,0.0,0.0,0.0,0.855614711902892
12.43581771850586,0.0,0.0,0.0,0.0,0.0,0.0,0.0,0.8550956486855626
12.467671155929565,0.0,0.0,0.0,0.0,0.0,0.0,0.0,0.8555089742859255
12.5070219039917,0.0,0.0,0.0,0.0,0.0,0.0,0.0,0.8560608212501988
12.548849821090698,0.0,0.0,0.0,0.0,0.0,0.0,0.0,0.8557518514077511
12.573577165603638,0.0,0.0,0.0,0.0,0.0,0.0,0.0,0.8562062347428447
12.613725662231445,0.0,0.0,0.0,0.0,0.0,0.0,0.0,0.8557645605984805
12.641458749771118,0.0,0.0,0.0,0.0,0.0,0.0,0.0,0.8560492495138268
12.689856052398682,0.0,0.0,0.0,0.0,0.0,0.0,0.0,0.8549599800948933
12.721065759658813,0.0,0.0,0.0,0.0,0.0,0.0,0.0,0.8540507728393867
12.74552869796753,0.0,0.0,0.0,0.0,0.0,0.0,0.0,0.8542498485725349
12.769066572189331,0.0,0.0,0.0,0.0,0.0,0.0,0.0,0.8534399106764672
12.794786214828491,0.0,0.0,0.0,0.0,0.0,0.0,0.0,0.8546724098849313
12.86010479927063,0.0,0.0,0.0,0.0,0.0,0.0,0.0,0.853355110958472
12.89398717880249,0.0,0.0,0.0,0.0,0.0,0.0,0.0,0.8544276719867281
12.925673484802246,0.0,0.0,0.0,0.0,0.0,0.0,0.0,0.8546883789646712
12.958199262619019,0.0,0.0,0.0,0.0,0.0,0.0,0.0,0.8533723730106919
12.987475156784058,0.0,0.0,0.0,0.0,0.0,0.0,0.0,0.8548292226493894
13.025031566619873,0.0,0.0,0.0,0.0,0.0,0.0,0.0,0.85555703874073
13.051782608032227,0.0,0.0,0.0,0.0,0.0,0.0,0.0,0.8555450775000953
13.077182531356812,0.0,0.0,0.0,0.0,0.0,0.0,0.0,0.8550379681735965
13.099409580230713,0.0,0.0,0.0,0.0,0.0,0.0,0.0,0.8552900862944012
13.134182929992676,0.0,0.0,0.0,0.0,0.0,0.0,0.0,0.8550193622540705
13.158694744110107,0.0,0.0,0.0,0.0,0.0,0.0,0.0,0.8549144865409128
13.195976257324219,0.0,0.0,0.0,0.0,0.0,0.0,0.0,0.854306013000665
13.228386402130127,0.0,0.0,0.0,0.0,0.0,0.0,0.0,0.8543797968298914
13.259310007095337,0.0,0.0,0.0,0.0,0.0,0.0,0.0,0.8546566264530573
13.297589540481567,0.0,0.0,0.0,0.0,0.0,0.0,0.0,0.8545982611778095
13.335306167602539,0.0,0.0,0.0,0.0,0.0,0.0,0.0,0.8542251895353883
13.377818822860718,0.0,0.0,0.0,0.0,0.0,0.0,0.0,0.8543511533328665
13.420603036880493,0.0,0.0,0.0,0.0,0.0,0.0,0.0,0.8545631641893201
13.448127031326294,0.0,0.0,0.0,0.0,0.0,0.0,0.0,0.8544770727306135
13.477691173553467,0.0,0.0,0.0,0.0,0.0,0.0,0.0,0.85410328788399
13.51987910270691,0.0,0.0,0.0,0.0,0.0,0.0,0.0,0.854546535745815
13.548822164535522,0.0,0.0,0.0,0.0,0.0,0.0,0.0,0.8546680649311238
13.57654094696045,0.0,0.0,0.0,0.0,0.0,0.0,0.0,0.8551836375445736
13.60080862045288,0.0,0.0,0.0,0.0,0.0,0.0,0.0,0.8553652078958434
13.637715816497803,0.0,0.0,0.0,0.0,0.0,0.0,0.0,0.8558397322728251
13.673335313796997,0.0,0.0,0.0,0.0,0.0,0.0,0.0,0.8550291016935123
13.704250812530518,0.0,0.0,0.0,0.0,0.0,0.0,0.0,0.8548532888657854
13.74012565612793,0.0,0.0,0.0,0.0,0.0,0.0,0.0,0.8552667284009822
13.77292513847351,0.0,0.0,0.0,0.0,0.0,0.0,0.0,0.8523727979887858
13.816565752029419,0.0,0.0,0.0,0.0,0.0,0.0,0.0,0.851552381964308
13.845753908157349,0.0,0.0,0.0,0.0,0.0,0.0,0.0,0.8521138435679245
13.876550436019897,0.0,0.0,0.0,0.0,0.0,0.0,0.0,0.8528568126472482
13.906131505966187,0.0,0.0,0.0,0.0,0.0,0.0,0.0,0.8541320464192457
13.945549011230469,0.0,0.0,0.0,0.0,0.0,0.0,0.0,0.8539351454251913
13.970446825027466,0.0,0.0,0.0,0.0,0.0,0.0,0.0,0.8544626255394928
13.99220895767212,0.0,0.0,0.0,0.0,0.0,0.0,0.0,0.8533044605446453
14.046661615371704,0.0,0.0,0.0,0.0,0.0,0.0,0.0,0.8511052624339929
14.093715906143188,0.0,0.0,0.0,0.0,0.0,0.0,0.0,0.8489554135673725
14.13028359413147,0.0,0.0,0.0,0.0,0.0,0.0,0.0,0.8506513684844719
14.16611361503601,0.0,0.0,0.0,0.0,0.0,0.0,0.0,0.8515398502004005
14.194797039031982,0.0,0.0,0.0,0.0,0.0,0.0,0.0,0.8535717193340949
14.233304977416992,0.0,0.0,0.0,0.0,0.0,0.0,0.0,0.8536177125194064
14.258824825286865,0.0,0.0,0.0,0.0,0.0,0.0,0.0,0.8527254671525375
14.280359983444214,0.0,0.0,0.0,0.0,0.0,0.0,0.0,0.8536858439621947
14.303905963897705,0.0,0.0,0.0,0.0,0.0,0.0,0.0,0.8517532429377679
14.325071573257446,0.0,0.0,0.0,0.0,0.0,0.0,0.0,0.853763721645596
14.363373517990112,0.0,0.0,0.0,0.0,0.0,0.0,0.0,0.8519439934518223
14.400290966033936,0.0,0.0,0.0,0.0,0.0,0.0,0.0,0.8536616847377579
14.444461584091187,0.0,0.0,0.0,0.0,0.0,0.0,0.0,0.8525027932582091
14.481005907058716,0.0,0.0,0.0,0.0,0.0,0.0,0.0,0.8529877329173674
14.543177127838135,0.0,0.0,0.0,0.0,0.0,0.0,0.0,0.8534197951057388
14.576284885406494,0.0,0.0,0.0,0.0,0.0,0.0,0.0,0.8530148078072348
14.623856782913208,0.0,0.0,0.0,0.0,0.0,0.0,0.0,0.8528008528037875
14.657821655273438,0.0,0.0,0.0,0.0,0.0,0.0,0.0,0.8526155145943546
14.688093662261963,0.0,0.0,0.0,0.0,0.0,0.0,0.0,0.8539626093819124
14.715336084365845,0.0,0.0,0.0,0.0,0.0,0.0,0.0,0.8530170337453722
14.744927167892456,0.0,0.0,0.0,0.0,0.0,0.0,0.0,0.8535391243760452
14.775377750396729,0.0,0.0,0.0,0.0,0.0,0.0,0.0,0.8528352001359835
14.800913333892822,0.0,0.0,0.0,0.0,0.0,0.0,0.0,0.854083025240258
14.83837890625,0.0,0.0,0.0,0.0,0.0,0.0,0.0,0.8530222350226284
14.874558210372925,0.0,0.0,0.0,0.0,0.0,0.0,0.0,0.8540965252148007
14.914270877838135,0.0,0.0,0.0,0.0,0.0,0.0,0.0,0.852327256067039
14.94336462020874,0.0,0.0,0.0,0.0,0.0,0.0,0.0,0.8545890393990432
14.984886646270752,0.0,0.0,0.0,0.0,0.0,0.0,0.0,0.8521261469841165
15.011660814285278,0.0,0.0,0.0,0.0,0.0,0.0,0.0,0.8546118974883776
15.041969776153564,0.0,0.0,0.0,0.0,0.0,0.0,0.0,0.8533992228885827
15.073792934417725,0.0,0.0,0.0,0.0,0.0,0.0,0.0,0.8539953820567594
15.114173889160156,0.0,0.0,0.0,0.0,0.0,0.0,0.0,0.853938311735674
15.144737243652344,0.0,0.0,0.0,0.0,0.0,0.0,0.0,0.8541763131668701
15.175922632217407,0.0,0.0,0.0,0.0,0.0,0.0,0.0,0.8545462744423622
15.204618453979492,0.0,0.0,0.0,0.0,0.0,0.0,0.0,0.853936044530097
15.240541219711304,0.0,0.0,0.0,0.0,0.0,0.0,0.0,0.8542389966395693
15.274652004241943,0.0,0.0,0.0,0.0,0.0,0.0,0.0,0.8545212498403862
15.299087524414062,0.0,0.0,0.0,0.0,0.0,0.0,0.0,0.8538355168435448
15.336670875549316,0.0,0.0,0.0,0.0,0.0,0.0,0.0,0.8544983783967487
15.36111307144165,0.0,0.0,0.0,0.0,0.0,0.0,0.0,0.8541122280876979
15.386075735092163,0.0,0.0,0.0,0.0,0.0,0.0,0.0,0.8540389366921297
15.435824871063232,0.0,0.0,0.0,0.0,0.0,0.0,0.0,0.8544408050668285
15.463109493255615,0.0,0.0,0.0,0.0,0.0,0.0,0.0,0.8541805371653518
15.506592988967896,0.0,0.0,0.0,0.0,0.0,0.0,0.0,0.8540620118238417
15.532111644744873,0.0,0.0,0.0,0.0,0.0,0.0,0.0,0.8554668411939863
15.57160997390747,0.0,0.0,0.0,0.0,0.0,0.0,0.0,0.8542166486722436
15.595871210098267,0.0,0.0,0.0,0.0,0.0,0.0,0.0,0.8544617804655609
15.62253451347351,0.0,0.0,0.0,0.0,0.0,0.0,0.0,0.8543808052108917
15.66232681274414,0.0,0.0,0.0,0.0,0.0,0.0,0.0,0.8551296203713125
15.694760799407959,0.0,0.0,0.0,0.0,0.0,0.0,0.0,0.854883998966536
15.739451885223389,0.0,0.0,0.0,0.0,0.0,0.0,0.0,0.8543541928632441
15.76444697380066,0.0,0.0,0.0,0.0,0.0,0.0,0.0,0.8543783131290164
15.795148849487305,0.0,0.0,0.0,0.0,0.0,0.0,0.0,0.8546886020071263
15.827575922012329,0.0,0.0,0.0,0.0,0.0,0.0,0.0,0.8537649561054803
15.858355522155762,0.0,0.0,0.0,0.0,0.0,0.0,0.0,0.8542877300996974
15.90227198600769,0.0,0.0,0.0,0.0,0.0,0.0,0.0,0.8545724569016613
15.923039674758911,0.0,0.0,0.0,0.0,0.0,0.0,0.0,0.8546546297477902
15.955418825149536,0.0,0.0,0.0,0.0,0.0,0.0,0.0,0.8542077997631106
15.98247241973877,0.0,0.0,0.0,0.0,0.0,0.0,0.0,0.855245847555305
16.038601398468018,0.0,0.0,0.0,0.0,0.0,0.0,0.0,0.8545040693095578
16.072009325027466,0.0,0.0,0.0,0.0,0.0,0.0,0.0,0.8549832649256355
16.102553606033325,0.0,0.0,0.0,0.0,0.0,0.0,0.0,0.8556883843177514
16.130707263946533,0.0,0.0,0.0,0.0,0.0,0.0,0.0,0.8541319838164085
16.16843581199646,0.0,0.0,0.0,0.0,0.0,0.0,0.0,0.8540243483405059
16.19433045387268,0.0,0.0,0.0,0.0,0.0,0.0,0.0,0.8538425835107284
16.22898769378662,0.0,0.0,0.0,0.0,0.0,0.0,0.0,0.855534812994238
16.260871410369873,0.0,0.0,0.0,0.0,0.0,0.0,0.0,0.8549542598271291
16.29176139831543,0.0,0.0,0.0,0.0,0.0,0.0,0.0,0.8560662304703501
16.32498049736023,0.0,0.0,0.0,0.0,0.0,0.0,0.0,0.8548800884558725
16.36293649673462,0.0,0.0,0.0,0.0,0.0,0.0,0.0,0.8541830317188555
16.39341974258423,0.0,0.0,0.0,0.0,0.0,0.0,0.0,0.8534990255737359
16.42420220375061,0.0,0.0,0.0,0.0,0.0,0.0,0.0,0.8543320513150229
16.460196018218994,0.0,0.0,0.0,0.0,0.0,0.0,0.0,0.8539646274691992
16.489384174346924,0.0,0.0,0.0,0.0,0.0,0.0,0.0,0.8544092981667508
16.52268409729004,0.0,0.0,0.0,0.0,0.0,0.0,0.0,0.853474650158582
16.560534238815308,0.0,0.0,0.0,0.0,0.0,0.0,0.0,0.8534401247061832
16.600093603134155,0.0,0.0,0.0,0.0,0.0,0.0,0.0,0.8531753422372442
16.6345431804657,0.0,0.0,0.0,0.0,0.0,0.0,0.0,0.8529944143904439
16.664119482040405,0.0,0.0,0.0,0.0,0.0,0.0,0.0,0.8530382196096402
16.69720149040222,0.0,0.0,0.0,0.0,0.0,0.0,0.0,0.8529669464700989
16.731825828552246,0.0,0.0,0.0,0.0,0.0,0.0,0.0,0.8531663548981876
16.769856929779053,0.0,0.0,0.0,0.0,0.0,0.0,0.0,0.8532913735309489
16.79895567893982,0.0,0.0,0.0,0.0,0.0,0.0,0.0,0.8531067634949658
16.827677011489868,0.0,0.0,0.0,0.0,0.0,0.0,0.0,0.8529940713286174
16.864681482315063,0.0,0.0,0.0,0.0,0.0,0.0,0.0,0.8530023061137814
16.904028177261353,0.0,0.0,0.0,0.0,0.0,0.0,0.0,0.8532820779560452
16.9336416721344,0.0,0.0,0.0,0.0,0.0,0.0,0.0,0.8527715877732613
16.958759784698486,0.0,0.0,0.0,0.0,0.0,0.0,0.0,0.8529422042602088
17.001503705978394,0.0,0.0,0.0,0.0,0.0,0.0,0.0,0.8524860255518286
17.023816347122192,0.0,0.0,0.0,0.0,0.0,0.0,0.0,0.8526449853115098
17.045345067977905,0.0,0.0,0.0,0.0,0.0,0.0,0.0,0.8519896262870987
17.11632466316223,0.0,0.0,0.0,0.0,0.0,0.0,0.0,0.8523136366306935
17.15626573562622,0.0,0.0,0.0,0.0,0.0,0.0,0.0,0.8521493228477153
17.187696933746338,0.0,0.0,0.0,0.0,0.0,0.0,0.0,0.8523495393635515
17.21707797050476,0.0,0.0,0.0,0.0,0.0,0.0,0.0,0.8522859298953664
17.245630264282227,0.0,0.0,0.0,0.0,0.0,0.0,0.0,0.8516621153473697
17.271864414215088,0.0,0.0,0.0,0.0,0.0,0.0,0.0,0.8521540166149624
17.30240273475647,0.0,0.0,0.0,0.0,0.0,0.0,0.0,0.8514662500393597
17.326847553253174,0.0,0.0,0.0,0.0,0.0,0.0,0.0,0.8518771132208302
17.34757971763611,0.0,0.0,0.0,0.0,0.0,0.0,0.0,0.8512824961731256
17.419062614440918,0.0,0.0,0.0,0.0,0.0,0.0,0.0,0.8516262635676226
17.453213691711426,0.0,0.0,0.0,0.0,0.0,0.0,0.0,0.8512425893291666
17.502559423446655,0.0,0.0,0.0,0.0,0.0,0.0,0.0,0.8514709362064746
17.543058395385742,0.0,0.0,0.0,0.0,0.0,0.0,0.0,0.8505165956536297
17.571972608566284,0.0,0.0,0.0,0.0,0.0,0.0,0.0,0.851204999133713
17.595690965652466,0.0,0.0,0.0,0.0,0.0,0.0,0.0,0.8504945787981897
17.634256601333618,0.0,0.0,0.0,0.0,0.0,0.0,0.0,0.851503268524773
17.663663148880005,0.0,0.0,0.0,0.0,0.0,0.0,0.0,0.8507677478539442
17.68675708770752,0.0,0.0,0.0,0.0,0.0,0.0,0.0,0.8516144229965921
17.709006309509277,0.0,0.0,0.0,0.0,0.0,0.0,0.0,0.8513035671946565
17.732781410217285,0.0,0.0,0.0,0.0,0.0,0.0,0.0,0.8523633026174456
17.76848816871643,0.0,0.0,0.0,0.0,0.0,0.0,0.0,0.8510305969143769
17.794503450393677,0.0,0.0,0.0,0.0,0.0,0.0,0.0,0.8521332532364236
17.81747817993164,0.0,0.0,0.0,0.0,0.0,0.0,0.0,0.8514947453654287
17.84481716156006,0.0,0.0,0.0,0.0,0.0,0.0,0.0,0.852361749018506
17.87778377532959,0.0,0.0,0.0,0.0,0.0,0.0,0.0,0.8517557821443207
17.930089473724365,0.0,0.0,0.0,0.0,0.0,0.0,0.0,0.8523226832737565
17.96809482574463,0.0,0.0,0.0,0.0,0.0,0.0,0.0,0.8515915225403029
17.999762773513794,0.0,0.0,0.0,0.0,0.0,0.0,0.0,0.8522398500594617
18.031893014907837,0.0,0.0,0.0,0.0,0.0,0.0,0.0,0.851428118395134
18.05668568611145,0.0,0.0,0.0,0.0,0.0,0.0,0.0,0.8517411296657202
18.081031322479248,0.0,0.0,0.0,0.0,0.0,0.0,0.0,0.8512744658341581
18.125650882720947,0.0,0.0,0.0,0.0,0.0,0.0,0.0,0.8519439901408741
18.169955730438232,0.0,0.0,0.0,0.0,0.0,0.0,0.0,0.8510464466483544
18.198153972625732,0.0,0.0,0.0,0.0,0.0,0.0,0.0,0.8520312632768643
18.223278284072876,0.0,0.0,0.0,0.0,0.0,0.0,0.0,0.8509024068668329
18.25842785835266,0.0,0.0,0.0,0.0,0.0,0.0,0.0,0.8514502894062743
18.29113507270813,0.0,0.0,0.0,0.0,0.0,0.0,0.0,0.8503986412918012
18.322824716567993,0.0,0.0,0.0,0.0,0.0,0.0,0.0,0.8513639972131481
18.354742527008057,0.0,0.0,0.0,0.0,0.0,0.0,0.0,0.8500104057520708
18.379873752593994,0.0,0.0,0.0,0.0,0.0,0.0,0.0,0.8510452634681348
18.41685175895691,0.0,0.0,0.0,0.0,0.0,0.0,0.0,0.8503782850475848
18.449572563171387,0.0,0.0,0.0,0.0,0.0,0.0,0.0,0.8507233883495899
18.48230290412903,0.0,0.0,0.0,0.0,0.0,0.0,0.0,0.8501888359746611
18.536121129989624,0.0,0.0,0.0,0.0,0.0,0.0,0.0,0.8509428709032851
18.570608377456665,0.0,0.0,0.0,0.0,0.0,0.0,0.0,0.850285772687122
18.60228419303894,0.0,0.0,0.0,0.0,0.0,0.0,0.0,0.8502115970816664
18.63330340385437,0.0,0.0,0.0,0.0,0.0,0.0,0.0,0.8485736551405136
18.662141799926758,0.0,0.0,0.0,0.0,0.0,0.0,0.0,0.8486917590895962
18.69360065460205,0.0,0.0,0.0,0.0,0.0,0.0,0.0,0.847576035492202
18.719553232192993,0.0,0.0,0.0,0.0,0.0,0.0,0.0,0.8459539964378031
18.763928413391113,0.0,0.0,0.0,0.0,0.0,0.0,0.0,0.8450175881994704
18.794382095336914,0.0,0.0,0.0,0.0,0.0,0.0,0.0,0.8458193009742723
18.823956727981567,0.0,0.0,0.0,0.0,0.0,0.0,0.0,0.8458115225687717
18.86295199394226,0.0,0.0,0.0,0.0,0.0,0.0,0.0,0.8448035618468486
18.89381170272827,0.0,0.0,0.0,0.0,0.0,0.0,0.0,0.8461474010373073
18.93374538421631,0.0,0.0,0.0,0.0,0.0,0.0,0.0,0.847998669003009
18.961685180664062,0.0,0.0,0.0,0.0,0.0,0.0,0.0,0.8508797938580357
18.991236448287964,0.0,0.0,0.0,0.0,0.0,0.0,0.0,0.8508640093601887
19.03072476387024,0.0,0.0,0.0,0.0,0.0,0.0,0.0,0.851738471434641
19.059650659561157,0.0,0.0,0.0,0.0,0.0,0.0,0.0,0.8494389667996063
19.08542823791504,0.0,0.0,0.0,0.0,0.0,0.0,0.0,0.8504712062957378
19.124168634414673,0.0,0.0,0.0,0.0,0.0,0.0,0.0,0.8486035877298159
19.164674758911133,0.0,0.0,0.0,0.0,0.0,0.0,0.0,0.847158687325214
19.198854684829712,0.0,0.0,0.0,0.0,0.0,0.0,0.0,0.8463396953910718
19.229032516479492,0.0,0.0,0.0,0.0,0.0,0.0,0.0,0.8455731965620575
19.25345540046692,0.0,0.0,0.0,0.0,0.0,0.0,0.0,0.8454083189183967
19.291812419891357,0.0,0.0,0.0,0.0,0.0,0.0,0.0,0.8449883680483963
19.327417612075806,0.0,0.0,0.0,0.0,0.0,0.0,0.0,0.8455261663348874
19.3559992313385,0.0,0.0,0.0,0.0,0.0,0.0,0.0,0.8462964353527469
19.389046669006348,0.0,0.0,0.0,0.0,0.0,0.0,0.0,0.8469424952867795
19.42220139503479,0.0,0.0,0.0,0.0,0.0,0.0,0.0,0.847287225921225
19.464004278182983,0.0,0.0,0.0,0.0,0.0,0.0,0.0,0.8480059147758447
19.49265480041504,0.0,0.0,0.0,0.0,0.0,0.0,0.0,0.847467883829342
19.524093866348267,0.0,0.0,0.0,0.0,0.0,0.0,0.0,0.8490053704724747
19.56365442276001,0.0,0.0,0.0,0.0,0.0,0.0,0.0,0.8503345150587464
19.590681076049805,0.0,0.0,0.0,0.0,0.0,0.0,0.0,0.8510467264462516
19.61690878868103,0.0,0.0,0.0,0.0,0.0,0.0,0.0,0.8507169738345217
19.64491057395935,0.0,0.0,0.0,0.0,0.0,0.0,0.0,0.8512289551378178
19.698386430740356,0.0,0.0,0.0,0.0,0.0,0.0,0.0,0.8507961603151073
19.72930145263672,0.0,0.0,0.0,0.0,0.0,0.0,0.0,0.8515092914652003
19.760847330093384,0.0,0.0,0.0,0.0,0.0,0.0,0.0,0.8511140250708792
19.799312114715576,0.0,0.0,0.0,0.0,0.0,0.0,0.0,0.8505818964676182
19.82315468788147,0.0,0.0,0.0,0.0,0.0,0.0,0.0,0.8491565116323991
19.849703788757324,0.0,0.0,0.0,0.0,0.0,0.0,0.0,0.8494052076505212
19.883437395095825,0.0,0.0,0.0,0.0,0.0,0.0,0.0,0.8478799507248915
19.934531688690186,0.0,0.0,0.0,0.0,0.0,0.0,0.0,0.8473855250172566
19.956276655197144,0.0,0.0,0.0,0.0,0.0,0.0,0.0,0.8467577166695046
19.977887630462646,0.0,0.0,0.0,0.0,0.0,0.0,0.0,0.8465998811727067
19.99872922897339,0.0,0.0,0.0,0.0,0.0,0.0,0.0,0.8460081187832904
20.03111171722412,0.0,0.0,0.0,0.0,0.0,0.0,0.0,0.8465619294281823
20.105266094207764,0.0,0.0,0.0,0.0,0.0,0.0,0.0,0.8459537402887334
20.15444779396057,0.0,0.0,0.0,0.0,0.0,0.0,0.0,0.8457562013997859
20.19350266456604,0.0,0.0,0.0,0.0,0.0,0.0,0.0,0.8465939674648397
20.224937915802002,0.0,0.0,0.0,0.0,0.0,0.0,0.0,0.8455337505064477
20.252264976501465,0.0,0.0,0.0,0.0,0.0,0.0,0.0,0.8456070872166279
20.288045406341553,0.0,0.0,0.0,0.0,0.0,0.0,0.0,0.8466854661012098
20.315973043441772,0.0,0.0,0.0,0.0,0.0,0.0,0.0,0.8452469113425853
20.33636474609375,0.0,0.0,0.0,0.0,0.0,0.0,0.0,0.8478532241796831
20.35665798187256,0.0,0.0,0.0,0.0,0.0,0.0,0.0,0.8462433103265521
20.37834620475769,0.0,0.0,0.0,0.0,0.0,0.0,0.0,0.8490195632134041
20.399700164794922,0.0,0.0,0.0,0.0,0.0,0.0,0.0,0.8488382925452205
20.436016082763672,0.0,0.0,0.0,0.0,0.0,0.0,0.0,0.8495824912774597
20.4648756980896,0.0,0.0,0.0,0.0,0.0,0.0,0.0,0.8526265262697532
20.5008647441864,0.0,0.0,0.0,0.0,0.0,0.0,0.0,0.8531340511989024
20.537569284439087,0.0,0.0,0.0,0.0,0.0,0.0,0.0,0.8559468676124272
20.568714380264282,0.0,0.0,0.0,0.0,0.0,0.0,0.0,0.8555078434274956
20.607246160507202,0.0,0.0,0.0,0.0,0.0,0.0,0.0,0.8545173026951249
20.64039421081543,0.0,0.0,0.0,0.0,0.0,0.0,0.0,0.8538743286571945
20.682404041290283,0.0,0.0,0.0,0.0,0.0,0.0,0.0,0.8536986482352323
20.710482120513916,0.0,0.0,0.0,0.0,0.0,0.0,0.0,0.8554836779412442
20.735358238220215,0.0,0.0,0.0,0.0,0.0,0.0,0.0,0.8548767574306136
20.76288676261902,0.0,0.0,0.0,0.0,0.0,0.0,0.0,0.8549058372770745
20.804301977157593,0.0,0.0,0.0,0.0,0.0,0.0,0.0,0.8545237913482688
20.830637216567993,0.0,0.0,0.0,0.0,0.0,0.0,0.0,0.8548727149997517
20.891199350357056,0.0,0.0,0.0,0.0,0.0,0.0,0.0,0.8550056330842322
20.927186727523804,0.0,0.0,0.0,0.0,0.0,0.0,0.0,0.85459902076655
20.953183889389038,0.0,0.0,0.0,0.0,0.0,0.0,0.0,0.854768589134488
20.98315143585205,0.0,0.0,0.0,0.0,0.0,0.0,0.0,0.8548986865603525
21.014883518218994,0.0,0.0,0.0,0.0,0.0,0.0,0.0,0.855093510452853
21.056633949279785,0.0,0.0,0.0,0.0,0.0,0.0,0.0,0.8545432893946587
21.095481872558594,0.0,0.0,0.0,0.0,0.0,0.0,0.0,0.8553586319622185
21.12424111366272,0.0,0.0,0.0,0.0,0.0,0.0,0.0,0.854588854926591
21.15455389022827,0.0,0.0,0.0,0.0,0.0,0.0,0.0,0.8551923615237125
21.185140371322632,0.0,0.0,0.0,0.0,0.0,0.0,0.0,0.8549170735070732
21.22230815887451,0.0,0.0,0.0,0.0,0.0,0.0,0.0,0.8546451862596828
21.2521710395813,0.0,0.0,0.0,0.0,0.0,0.0,0.0,0.854062632436233
21.28063416481018,0.0,0.0,0.0,0.0,0.0,0.0,0.0,0.854427109977878
21.304022312164307,0.0,0.0,0.0,0.0,0.0,0.0,0.0,0.8546783792744621
21.33230996131897,0.0,0.0,0.0,0.0,0.0,0.0,0.0,0.8546236146333601
21.38844132423401,0.0,0.0,0.0,0.0,0.0,0.0,0.0,0.8541832945300842
21.451417922973633,0.0,0.0,0.0,0.0,0.0,0.0,0.0,0.8538594796053436
21.499032020568848,0.0,0.0,0.0,0.0,0.0,0.0,0.0,0.8537986297824297
21.545798778533936,0.0,0.0,0.0,0.0,0.0,0.0,0.0,0.8539494450138301
21.588033199310303,0.0,0.0,0.0,0.0,0.0,0.0,0.0,0.8537817233050777
21.617666721343994,0.0,0.0,0.0,0.0,0.0,0.0,0.0,0.8539657369726783
21.64692759513855,0.0,0.0,0.0,0.0,0.0,0.0,0.0,0.8535631952033151
21.67385721206665,0.0,0.0,0.0,0.0,0.0,0.0,0.0,0.853427792235655
21.6969256401062,0.0,0.0,0.0,0.0,0.0,0.0,0.0,0.8532763200232578
21.71974539756775,0.0,0.0,0.0,0.0,0.0,0.0,0.0,0.8533578655238505
21.743337392807007,0.0,0.0,0.0,0.0,0.0,0.0,0.0,0.8525364567850868
21.766666650772095,0.0,0.0,0.0,0.0,0.0,0.0,0.0,0.8526003043304492
21.78857731819153,0.0,0.0,0.0,0.0,0.0,0.0,0.0,0.8523685785689837
21.810760736465454,0.0,0.0,0.0,0.0,0.0,0.0,0.0,0.85251461848448
21.844184398651123,0.0,0.0,0.0,0.0,0.0,0.0,0.0,0.8524222386315021
21.866852521896362,0.0,0.0,0.0,0.0,0.0,0.0,0.0,0.8507724439645006
21.921748876571655,0.0,0.0,0.0,0.0,0.0,0.0,0.0,0.8517760047524372
21.947981119155884,0.0,0.0,0.0,0.0,0.0,0.0,0.0,0.8523448781174057
21.985774278640747,0.0,0.0,0.0,0.0,0.0,0.0,0.0,0.8535826973083371
22.013447761535645,0.0,0.0,0.0,0.0,0.0,0.0,0.0,0.8540317918135956
22.049501180648804,0.0,0.0,0.0,0.0,0.0,0.0,0.0,0.8540944176313471
22.0783429145813,0.0,0.0,0.0,0.0,0.0,0.0,0.0,0.8552581026554077
22.117345809936523,0.0,0.0,0.0,0.0,0.0,0.0,0.0,0.8548710522862041
22.146071195602417,0.0,0.0,0.0,0.0,0.0,0.0,0.0,0.8533812458729805
22.167651653289795,0.0,0.0,0.0,0.0,0.0,0.0,0.0,0.853172502323791
22.19108533859253,0.0,0.0,0.0,0.0,0.0,0.0,0.0,0.8517175915928957
22.225180864334106,0.0,0.0,0.0,0.0,0.0,0.0,0.0,0.852474680194405
22.27727174758911,0.0,0.0,0.0,0.0,0.0,0.0,0.0,0.8510747922023338
22.303346157073975,0.0,0.0,0.0,0.0,0.0,0.0,0.0,0.8511381057028857
22.340224027633667,0.0,0.0,0.0,0.0,0.0,0.0,0.0,0.8503946117389702
22.37557578086853,0.0,0.0,0.0,0.0,0.0,0.0,0.0,0.8517290982766574
22.41254711151123,0.0,0.0,0.0,0.0,0.0,0.0,0.0,0.8516764800003137
22.45026183128357,0.0,0.0,0.0,0.0,0.0,0.0,0.0,0.8509957767512997
22.482974767684937,0.0,0.0,0.0,0.0,0.0,0.0,0.0,0.8508765373932581
22.520469188690186,0.0,0.0,0.0,0.0,0.0,0.0,0.0,0.850063454012076
22.550736904144287,0.0,0.0,0.0,0.0,0.0,0.0,0.0,0.8510068078802697
22.5767605304718,0.0,0.0,0.0,0.0,0.0,0.0,0.0,0.8516394520427741
22.617850065231323,0.0,0.0,0.0,0.0,0.0,0.0,0.0,0.8511852553568628
22.64334011077881,0.0,0.0,0.0,0.0,0.0,0.0,0.0,0.8505755352171527
22.663975715637207,0.0,0.0,0.0,0.0,0.0,0.0,0.0,0.8532291191669356
22.694024085998535,0.0,0.0,0.0,0.0,0.0,0.0,0.0,0.8532773141717932
22.73914623260498,0.0,0.0,0.0,0.0,0.0,0.0,0.0,0.8529793666813317
22.763116359710693,0.0,0.0,0.0,0.0,0.0,0.0,0.0,0.8531842258662057
22.811131238937378,0.0,0.0,0.0,0.0,0.0,0.0,0.0,0.8506219096217319
22.834838390350342,0.0,0.0,0.0,0.0,0.0,0.0,0.0,0.8507844247557124
22.85692596435547,0.0,0.0,0.0,0.0,0.0,0.0,0.0,0.8488656545357987
22.895753145217896,0.0,0.0,0.0,0.0,0.0,0.0,0.0,0.8468779804234271
22.950019598007202,0.0,0.0,0.0,0.0,0.0,0.0,0.0,0.8470840982907979
22.98138999938965,0.0,0.0,0.0,0.0,0.0,0.0,0.0,0.8455181758221534
23.01229238510132,0.0,0.0,0.0,0.0,0.0,0.0,0.0,0.8460293117186215
23.041519165039062,0.0,0.0,0.0,0.0,0.0,0.0,0.0,0.8470258846787675
23.070993661880493,0.0,0.0,0.0,0.0,0.0,0.0,0.0,0.847369776315948
23.101049423217773,0.0,0.0,0.0,0.0,0.0,0.0,0.0,0.8472728325353724
23.13557767868042,0.0,0.0,0.0,0.0,0.0,0.0,0.0,0.8478588246149366
23.17841386795044,0.0,0.0,0.0,0.0,0.0,0.0,0.0,0.8517980387700453
23.206121921539307,0.0,0.0,0.0,0.0,0.0,0.0,0.0,0.8536678435282121
23.234680891036987,0.0,0.0,0.0,0.0,0.0,0.0,0.0,0.8541429262863367
23.267632722854614,0.0,0.0,0.0,0.0,0.0,0.0,0.0,0.8548205440086467
23.313669443130493,0.0,0.0,0.0,0.0,0.0,0.0,0.0,0.853825745725896
23.341692209243774,0.0,0.0,0.0,0.0,0.0,0.0,0.0,0.8536151759101505
23.373370885849,0.0,0.0,0.0,0.0,0.0,0.0,0.0,0.8509168062390968
23.411103010177612,0.0,0.0,0.0,0.0,0.0,0.0,0.0,0.8492670188037468
23.432934522628784,0.0,0.0,0.0,0.0,0.0,0.0,0.0,0.8479775853996223
23.470131158828735,0.0,0.0,0.0,0.0,0.0,0.0,0.0,0.8459633589544078
23.50899839401245,0.0,0.0,0.0,0.0,0.0,0.0,0.0,0.8455721644014879
23.53420925140381,0.0,0.0,0.0,0.0,0.0,0.0,0.0,0.8454566431557634
23.567853927612305,0.0,0.0,0.0,0.0,0.0,0.0,0.0,0.8465797110412003
23.60574173927307,0.0,0.0,0.0,0.0,0.0,0.0,0.0,0.8454264659428563
23.63990306854248,0.0,0.0,0.0,0.0,0.0,0.0,0.0,0.8467834382754021
23.68419861793518,0.0,0.0,0.0,0.0,0.0,0.0,0.0,0.8464277408931014
23.71497654914856,0.0,0.0,0.0,0.0,0.0,0.0,0.0,0.8474271587811775
23.747891187667847,0.0,0.0,0.0,0.0,0.0,0.0,0.0,0.8466544765249404
23.772581338882446,0.0,0.0,0.0,0.0,0.0,0.0,0.0,0.8475832988635202
23.796772718429565,0.0,0.0,0.0,0.0,0.0,0.0,0.0,0.8487378881096329
23.820470571517944,0.0,0.0,0.0,0.0,0.0,0.0,0.0,0.8489983328996336
23.87939977645874,0.0,0.0,0.0,0.0,0.0,0.0,0.0,0.8530145846052897
23.920279026031494,0.0,0.0,0.0,0.0,0.0,0.0,0.0,0.8514582464490397
23.962238788604736,0.0,0.0,0.0,0.0,0.0,0.0,0.0,0.8517925426643536
23.9964497089386,0.0,0.0,0.0,0.0,0.0,0.0,0.0,0.8515776175767549
24.029939889907837,0.0,0.0,0.0,0.0,0.0,0.0,0.0,0.8517197560849528
24.07722306251526,0.0,0.0,0.0,0.0,0.0,0.0,0.0,0.8521942433042777
24.100239515304565,0.0,0.0,0.0,0.0,0.0,0.0,0.0,0.8515486951901228
24.12188720703125,0.0,0.0,0.0,0.0,0.0,0.0,0.0,0.8488194219877887
24.150967836380005,0.0,0.0,0.0,0.0,0.0,0.0,0.0,0.8473739493113626
24.172669172286987,0.0,0.0,0.0,0.0,0.0,0.0,0.0,0.8465645716853092
24.218138933181763,0.0,0.0,0.0,0.0,0.0,0.0,0.0,0.8445396482775873
24.252746105194092,0.0,0.0,0.0,0.0,0.0,0.0,0.0,0.8443161607546876
24.2837336063385,0.0,0.0,0.0,0.0,0.0,0.0,0.0,0.8444017274418449
24.32017707824707,0.0,0.0,0.0,0.0,0.0,0.0,0.0,0.844128924129282
24.356489896774292,0.0,0.0,0.0,0.0,0.0,0.0,0.0,0.8449166671421603
24.391815423965454,0.0,0.0,0.0,0.0,0.0,0.0,0.0,0.8486908688175092
24.424851417541504,0.0,0.0,0.0,0.0,0.0,0.0,0.0,0.8491104027015399
24.467389583587646,0.0,0.0,0.0,0.0,0.0,0.0,0.0,0.850987569085407
24.50619912147522,0.0,0.0,0.0,0.0,0.0,0.0,0.0,0.852503883834431
24.53187108039856,0.0,0.0,0.0,0.0,0.0,0.0,0.0,0.8511011860832678
24.57706928253174,0.0,0.0,0.0,0.0,0.0,0.0,0.0,0.8526466940675808
24.607491731643677,0.0,0.0,0.0,0.0,0.0,0.0,0.0,0.8522939098699336
24.636423110961914,0.0,0.0,0.0,0.0,0.0,0.0,0.0,0.8523817625892294
24.66680669784546,0.0,0.0,0.0,0.0,0.0,0.0,0.0,0.8507739580928564
24.705557346343994,0.0,0.0,0.0,0.0,0.0,0.0,0.0,0.8520739536970265
24.73897647857666,0.0,0.0,0.0,0.0,0.0,0.0,0.0,0.8515716221644305
24.7644305229187,0.0,0.0,0.0,0.0,0.0,0.0,0.0,0.8513252292373834
24.815946578979492,0.0,0.0,0.0,0.0,0.0,0.0,0.0,0.8524925898590086
24.847185373306274,0.0,0.0,0.0,0.0,0.0,0.0,0.0,0.8524732109691288
24.87474536895752,0.0,0.0,0.0,0.0,0.0,0.0,0.0,0.8530818358972156
24.90697455406189,0.0,0.0,0.0,0.0,0.0,0.0,0.0,0.8553691417688933
24.93214464187622,0.0,0.0,0.0,0.0,0.0,0.0,0.0,0.8562616465565662
24.98052978515625,0.0,0.0,0.0,0.0,0.0,0.0,0.0,0.8583671218819775
25.009409189224243,0.0,0.0,0.0,0.0,0.0,0.0,0.0,0.8601081462809987
25.035624742507935,0.0,0.0,0.0,0.0,0.0,0.0,0.0,0.862636807158882
25.063735246658325,0.0,0.0,0.0,0.0,0.0,0.0,0.0,0.8633951796738256
25.103749990463257,0.0,0.0,0.0,0.0,0.0,0.0,0.0,0.8649416976148906
25.12859869003296,0.0,0.0,0.0,0.0,0.0,0.0,0.0,0.8651305843327445
25.150737762451172,0.0,0.0,0.0,0.0,0.0,0.0,0.0,0.8660762780472819
25.216639280319214,0.0,0.0,0.0,0.0,0.0,0.0,0.0,0.8670732323129363
25.256815671920776,0.0,0.0,0.0,0.0,0.0,0.0,0.0,0.8678306674048273
25.297632217407227,0.0,0.0,0.0,0.0,0.0,0.0,0.0,0.867313355312689
25.339178323745728,0.0,0.0,0.0,0.0,0.0,0.0,0.0,0.8675906599829326
25.36767816543579,0.0,0.0,0.0,0.0,0.0,0.0,0.0,0.867391075771305
25.403212308883667,0.0,0.0,0.0,0.0,0.0,0.0,0.0,0.867553840008273
25.424198389053345,0.0,0.0,0.0,0.0,0.0,0.0,0.0,0.8670024320662744
25.447091817855835,0.0,0.0,0.0,0.0,0.0,0.0,0.0,0.8670453033996502
25.470322132110596,0.0,0.0,0.0,0.0,0.0,0.0,0.0,0.8673960968947567
25.4931321144104,0.0,0.0,0.0,0.0,0.0,0.0,0.0,0.8666580940963398
25.531704425811768,0.0,0.0,0.0,0.0,0.0,0.0,0.0,0.8638241261829996
25.555513858795166,0.0,0.0,0.0,0.0,0.0,0.0,0.0,0.8644824061940614
25.58103656768799,0.0,0.0,0.0,0.0,0.0,0.0,0.0,0.8630470716918495
25.621273517608643,0.0,0.0,0.0,0.0,0.0,0.0,0.0,0.8614916293151629
25.657891273498535,0.0,0.0,0.0,0.0,0.0,0.0,0.0,0.8618266956849318
25.68357801437378,0.0,0.0,0.0,0.0,0.0,0.0,0.0,0.8602872670271755
25.72932457923889,0.0,0.0,0.0,0.0,0.0,0.0,0.0,0.8614065184064859
25.759207248687744,0.0,0.0,0.0,0.0,0.0,0.0,0.0,0.8595876003071936
25.78896975517273,0.0,0.0,0.0,0.0,0.0,0.0,0.0,0.8592570400909261
25.838467121124268,0.0,0.0,0.0,0.0,0.0,0.0,0.0,0.8586356962266936
25.87302803993225,0.0,0.0,0.0,0.0,0.0,0.0,0.0,0.8582925243489801
25.901949644088745,0.0,0.0,0.0,0.0,0.0,0.0,0.0,0.8574563984282022
25.93686270713806,0.0,0.0,0.0,0.0,0.0,0.0,0.0,0.857987090787389
25.970963716506958,0.0,0.0,0.0,0.0,0.0,0.0,0.0,0.8555858414811481
26.00419044494629,0.0,0.0,0.0,0.0,0.0,0.0,0.0,0.8558134210619353
26.030248641967773,0.0,0.0,0.0,0.0,0.0,0.0,0.0,0.8548142485817876
26.073800802230835,0.0,0.0,0.0,0.0,0.0,0.0,0.0,0.8554061130589351
26.105338096618652,0.0,0.0,0.0,0.0,0.0,0.0,0.0,0.8565950396305828
26.13739013671875,0.0,0.0,0.0,0.0,0.0,0.0,0.0,0.8554999339140883
26.170308113098145,0.0,0.0,0.0,0.0,0.0,0.0,0.0,0.8536232600531499
26.199681758880615,0.0,0.0,0.0,0.0,0.0,0.0,0.0,0.8562920687444006
26.237092971801758,0.0,0.0,0.0,0.0,0.0,0.0,0.0,0.8584646829316422
26.272605895996094,0.0,0.0,0.0,0.0,0.0,0.0,0.0,0.8618861863344522
26.30502676963806,0.0,0.0,0.0,0.0,0.0,0.0,0.0,0.8649180151141057
26.3354594707489,0.0,0.0,0.0,0.0,0.0,0.0,0.0,0.8650524559011373
26.364593505859375,0.0,0.0,0.0,0.0,0.0,0.0,0.0,0.8630471423174707
26.40346336364746,0.0,0.0,0.0,0.0,0.0,0.0,0.0,0.8645809748970372
26.436384439468384,0.0,0.0,0.0,0.0,0.0,0.0,0.0,0.8634615925620932
26.467520236968994,0.0,0.0,0.0,0.0,0.0,0.0,0.0,0.8628589343376076
26.503644227981567,0.0,0.0,0.0,0.0,0.0,0.0,0.0,0.8643040248725373
26.537249088287354,0.0,0.0,0.0,0.0,0.0,0.0,0.0,0.8636661715612031
26.568549156188965,0.0,0.0,0.0,0.0,0.0,0.0,0.0,0.8623495917702246
26.607419729232788,0.0,0.0,0.0,0.0,0.0,0.0,0.0,0.8608709083790194
26.639146327972412,0.0,0.0,0.0,0.0,0.0,0.0,0.0,0.8604744894670937
26.67685890197754,0.0,0.0,0.0,0.0,0.0,0.0,0.0,0.8565572183517818
26.70511221885681,0.0,0.0,0.0,0.0,0.0,0.0,0.0,0.855342812082184
26.738136291503906,0.0,0.0,0.0,0.0,0.0,0.0,0.0,0.8558390699617059
26.767033576965332,0.0,0.0,0.0,0.0,0.0,0.0,0.0,0.8554112587232989
26.789615154266357,0.0,0.0,0.0,0.0,0.0,0.0,0.0,0.8555009556333837
26.84571886062622,0.0,0.0,0.0,0.0,0.0,0.0,0.0,0.854992600438371
26.926408767700195,0.0,0.0,0.0,0.0,0.0,0.0,0.0,0.8549960989421872
26.9721097946167,0.0,0.0,0.0,0.0,0.0,0.0,0.0,0.8574166926160645
27.006141662597656,0.0,0.0,0.0,0.0,0.0,0.0,0.0,0.8562187849334257
27.04825711250305,0.0,0.0,0.0,0.0,0.0,0.0,0.0,0.8568203401169516
27.070306301116943,0.0,0.0,0.0,0.0,0.0,0.0,0.0,0.8560301792174633
27.09544038772583,0.0,0.0,0.0,0.0,0.0,0.0,0.0,0.8559717737465673
27.11974334716797,0.0,0.0,0.0,0.0,0.0,0.0,0.0,0.853652811195534
27.142157554626465,0.0,0.0,0.0,0.0,0.0,0.0,0.0,0.8522316306351184
27.16490912437439,0.0,0.0,0.0,0.0,0.0,0.0,0.0,0.8516943307331379
27.1871120929718,0.0,0.0,0.0,0.0,0.0,0.0,0.0,0.8505465959288836
27.208932638168335,0.0,0.0,0.0,0.0,0.0,0.0,0.0,0.8503790659922926
27.232856512069702,0.0,0.0,0.0,0.0,0.0,0.0,0.0,0.8499180092617086
27.25728464126587,0.0,0.0,0.0,0.0,0.0,0.0,0.0,0.849123706418068
27.293026208877563,0.0,0.0,0.0,0.0,0.0,0.0,0.0,0.8491202563999114
27.33507800102234,0.0,0.0,0.0,0.0,0.0,0.0,0.0,0.850215428202125
27.361425399780273,0.0,0.0,0.0,0.0,0.0,0.0,0.0,0.849768280321256
27.386605262756348,0.0,0.0,0.0,0.0,0.0,0.0,0.0,0.848012504578765
27.425264835357666,0.0,0.0,0.0,0.0,0.0,0.0,0.0,0.8466411969344413
27.46886920928955,0.0,0.0,0.0,0.0,0.0,0.0,0.0,0.8483194084330645
27.497507572174072,0.0,0.0,0.0,0.0,0.0,0.0,0.0,0.8473605760079386
27.521138668060303,0.0,0.0,0.0,0.0,0.0,0.0,0.0,0.8470285687511196
27.54426145553589,0.0,0.0,0.0,0.0,0.0,0.0,0.0,0.8475520676831085
27.57345724105835,0.0,0.0,0.0,0.0,0.0,0.0,0.0,0.8479825754725092
27.6059410572052,0.0,0.0,0.0,0.0,0.0,0.0,0.0,0.8471605203330108
27.63924741744995,0.0,0.0,0.0,0.0,0.0,0.0,0.0,0.8480487537771058
27.678866147994995,0.0,0.0,0.0,0.0,0.0,0.0,0.0,0.8476281055182695
27.733057498931885,0.0,0.0,0.0,0.0,0.0,0.0,0.0,0.8485457267682979
27.766950845718384,0.0,0.0,0.0,0.0,0.0,0.0,0.0,0.8484320981750738
27.793807983398438,0.0,0.0,0.0,0.0,0.0,0.0,0.0,0.8485677198786201
27.83199405670166,0.0,0.0,0.0,0.0,0.0,0.0,0.0,0.8492208578682079
27.866231203079224,0.0,0.0,0.0,0.0,0.0,0.0,0.0,0.8483768362043542
27.897050857543945,0.0,0.0,0.0,0.0,0.0,0.0,0.0,0.8482332526457601
27.91935968399048,0.0,0.0,0.0,0.0,0.0,0.0,0.0,0.8486213980421355
27.947267770767212,0.0,0.0,0.0,0.0,0.0,0.0,0.0,0.8486873023699096
27.97283148765564,0.0,0.0,0.0,0.0,0.0,0.0,0.0,0.8492565332349389
28.005339860916138,0.0,0.0,0.0,0.0,0.0,0.0,0.0,0.8495439937389127
28.038766622543335,0.0,0.0,0.0,0.0,0.0,0.0,0.0,0.8500985981656755
28.073355197906494,0.0,0.0,0.0,0.0,0.0,0.0,0.0,0.8499487518499143
28.13570284843445,0.0,0.0,0.0,0.0,0.0,0.0,0.0,0.8494493192151069
28.17062020301819,0.0,0.0,0.0,0.0,0.0,0.0,0.0,0.8503228544758306
28.20349669456482,0.0,0.0,0.0,0.0,0.0,0.0,0.0,0.8490600317406253
28.23539924621582,0.0,0.0,0.0,0.0,0.0,0.0,0.0,0.8484447774037468
28.267277479171753,0.0,0.0,0.0,0.0,0.0,0.0,0.0,0.8487783574731012
28.294590711593628,0.0,0.0,0.0,0.0,0.0,0.0,0.0,0.8483184475062584
28.32142472267151,0.0,0.0,0.0,0.0,0.0,0.0,0.0,0.8481368344358793
28.35968852043152,0.0,0.0,0.0,0.0,0.0,0.0,0.0,0.8481526794195327
28.392214059829712,0.0,0.0,0.0,0.0,0.0,0.0,0.0,0.8490686114358059
28.420089721679688,0.0,0.0,0.0,0.0,0.0,0.0,0.0,0.8488442332867316
28.450950384140015,0.0,0.0,0.0,0.0,0.0,0.0,0.0,0.8491337142616853
28.48846459388733,0.0,0.0,0.0,0.0,0.0,0.0,0.0,0.8492343539973024
28.511563777923584,0.0,0.0,0.0,0.0,0.0,0.0,0.0,0.8497539196973246
28.547318935394287,0.0,0.0,0.0,0.0,0.0,0.0,0.0,0.8492166657011587
28.59701180458069,0.0,0.0,0.0,0.0,0.0,0.0,0.0,0.8498611638442859
28.627438068389893,0.0,0.0,0.0,0.0,0.0,0.0,0.0,0.8494309282985325
28.653842449188232,0.0,0.0,0.0,0.0,0.0,0.0,0.0,0.8504249594872773
28.69450879096985,0.0,0.0,0.0,0.0,0.0,0.0,0.0,0.8492737826504486
28.72666883468628,0.0,0.0,0.0,0.0,0.0,0.0,0.0,0.8502262747041563
28.756008863449097,0.0,0.0,0.0,0.0,0.0,0.0,0.0,0.8505416365005158
28.78357458114624,0.0,0.0,0.0,0.0,0.0,0.0,0.0,0.8513708584811934
28.814183235168457,0.0,0.0,0.0,0.0,0.0,0.0,0.0,0.8511672334292282
28.848507404327393,0.0,0.0,0.0,0.0,0.0,0.0,0.0,0.8516631019847731
28.894962072372437,0.0,0.0,0.0,0.0,0.0,0.0,0.0,0.8518925632626848
28.932857275009155,0.0,0.0,0.0,0.0,0.0,0.0,0.0,0.8516921593929515
28.96269941329956,0.0,0.0,0.0,0.0,0.0,0.0,0.0,0.8516641255440673
28.99547266960144,0.0,0.0,0.0,0.0,0.0,0.0,0.0,0.8513608536091172
29.02791714668274,0.0,0.0,0.0,0.0,0.0,0.0,0.0,0.8515176458028999
29.057581901550293,0.0,0.0,0.0,0.0,0.0,0.0,0.0,0.8515216582501275
29.08484411239624,0.0,0.0,0.0,0.0,0.0,0.0,0.0,0.851577255799438
29.131245374679565,0.0,0.0,0.0,0.0,0.0,0.0,0.0,0.851953983818605
29.16183829307556,0.0,0.0,0.0,0.0,0.0,0.0,0.0,0.8518824988103348
29.186234951019287,0.0,0.0,0.0,0.0,0.0,0.0,0.0,0.8521990127196595
29.218761682510376,0.0,0.0,0.0,0.0,0.0,0.0,0.0,0.8524792700794697
29.248209476470947,0.0,0.0,0.0,0.0,0.0,0.0,0.0,0.852526684402188
29.29015803337097,0.0,0.0,0.0,0.0,0.0,0.0,0.0,0.8523046481299016
29.317150354385376,0.0,0.0,0.0,0.0,0.0,0.0,0.0,0.851937151047347
29.35133695602417,0.0,0.0,0.0,0.0,0.0,0.0,0.0,0.8518205916286025
29.379894971847534,0.0,0.0,0.0,0.0,0.0,0.0,0.0,0.8518394291775854
29.407298803329468,0.0,0.0,0.0,0.0,0.0,0.0,0.0,0.8486968819141312
29.44885516166687,0.0,0.0,0.0,0.0,0.0,0.0,0.0,0.8496315787900879
29.471975088119507,0.0,0.0,0.0,0.0,0.0,0.0,0.0,0.848131418781997
29.498947143554688,0.0,0.0,0.0,0.0,0.0,0.0,0.0,0.8473901146595819
29.560194969177246,0.0,0.0,0.0,0.0,0.0,0.0,0.0,0.8468152639259263
29.59125518798828,0.0,0.0,0.0,0.0,0.0,0.0,0.0,0.8478721740403297
29.624781131744385,0.0,0.0,0.0,0.0,0.0,0.0,0.0,0.8496808074116824
29.656567335128784,0.0,0.0,0.0,0.0,0.0,0.0,0.0,0.8497730062272255
29.689910650253296,0.0,0.0,0.0,0.0,0.0,0.0,0.0,0.8491337455977885
29.718899965286255,0.0,0.0,0.0,0.0,0.0,0.0,0.0,0.8496919751841945
29.76281213760376,0.0,0.0,0.0,0.0,0.0,0.0,0.0,0.84999789212615
29.785409688949585,0.0,0.0,0.0,0.0,0.0,0.0,0.0,0.8513378324653496
29.808610916137695,0.0,0.0,0.0,0.0,0.0,0.0,0.0,0.8520224882355634
29.831389904022217,0.0,0.0,0.0,0.0,0.0,0.0,0.0,0.8552174309098459
29.908499240875244,0.0,0.0,0.0,0.0,0.0,0.0,0.0,0.8574859412803788
29.9435875415802,0.0,0.0,0.0,0.0,0.0,0.0,0.0,0.8603296733263817
29.990037441253662,0.0,0.0,0.0,0.0,0.0,0.0,0.0,0.8645371810158407
30.032291173934937,0.0,0.0,0.0,0.0,0.0,0.0,0.0,0.8668416553571976
30.094146728515625,0.0,0.0,0.0,0.0,0.0,0.0,0.0,0.8686450138883045
30.123275995254517,0.0,0.0,0.0,0.0,0.0,0.0,0.0,0.8723063638505897
30.147867918014526,0.0,0.0,0.0,0.0,0.0,0.0,0.0,0.8761969245585787
30.168018102645874,0.0,0.0,0.0,0.0,0.0,0.0,0.0,0.8765552227544086
30.195838928222656,0.0,0.0,0.0,0.0,0.0,0.0,0.0,0.8783504217316703
30.220155000686646,0.0,0.0,0.0,0.0,0.0,0.0,0.0,0.8805173744342935
30.240958213806152,0.0,0.0,0.0,0.0,0.0,0.0,0.0,0.8853656905230993
30.259737968444824,0.0,0.0,0.0,0.0,0.0,0.0,0.0,0.8889377403316013
30.281240463256836,0.0,0.0,0.0,0.0,0.0,0.0,0.0,0.8883497032255459
30.312663793563843,0.0,0.0,0.0,0.0,0.0,0.0,0.0,0.8886360187764231
30.356815576553345,0.0,0.0,0.0,0.0,0.0,0.0,0.0,0.8902061588991732
30.386775970458984,0.0,0.0,0.0,0.0,0.0,0.0,0.0,0.8958583282495618
30.4193856716156,0.0,0.0,0.0,0.0,0.0,0.0,0.0,0.8994471469735172
30.446209192276,0.0,0.0,0.0,0.0,0.0,0.0,0.0,0.8995264048796359
30.490493297576904,0.0,0.0,0.0,0.0,0.0,0.0,0.0,0.9002647972350672
30.52159595489502,0.0,0.0,0.0,0.0,0.0,0.0,0.0,0.9000277435212959
30.550312280654907,0.0,0.0,0.0,0.0,0.0,0.0,0.0,0.8985654521908473
30.577772855758667,0.0,0.0,0.0,0.0,0.0,0.0,0.0,0.8932735866328377
30.612019777297974,0.0,0.0,0.0,0.0,0.0,0.0,0.0,0.8833015445873204
30.652812957763672,0.0,0.0,0.0,0.0,0.0,0.0,0.0,0.8781438141461789
30.690094709396362,0.0,0.0,0.0,0.0,0.0,0.0,0.0,0.8725433085164255
30.72438073158264,0.0,0.0,0.0,0.0,0.0,0.0,0.0,0.8662962557744698
30.753549575805664,0.0,0.0,0.0,0.0,0.0,0.0,0.0,0.8580740322614636
30.78349542617798,0.0,0.0,0.0,0.0,0.0,0.0,0.0,0.8485027257504487
30.82294273376465,0.0,0.0,0.0,0.0,0.0,0.0,0.0,0.8373121361491702
30.856870412826538,0.0,0.0,0.0,0.0,0.0,0.0,0.0,0.8267200836657211
30.887940168380737,0.0,0.0,0.0,0.0,0.0,0.0,0.0,0.8158680073155894
30.91804575920105,0.0,0.0,0.0,0.0,0.0,0.0,0.0,0.8075739284619738
30.955360174179077,0.0,0.0,0.0,0.0,0.0,0.0,0.0,0.7969567105763724
30.98762011528015,0.0,0.0,0.0,0.0,0.0,0.0,0.0,0.7849118600999486
31.02036738395691,0.0,0.0,0.0,0.0,0.0,0.0,0.0,0.7707496322345913
31.049821138381958,0.0,0.0,0.0,0.0,0.0,0.0,0.0,0.7576771060649207
31.087998867034912,0.0,0.0,0.0,0.0,0.0,0.0,0.0,0.7424209635296608
31.112064361572266,0.0,0.0,0.0,0.0,0.0,0.0,0.0,0.729245536090712
31.137564420700073,0.0,0.0,0.0,0.0,0.0,0.0,0.0,0.714180194975692
31.162693738937378,0.0,0.0,0.0,0.0,0.0,0.0,0.0,0.7020253616730951
31.21858024597168,0.0,0.0,0.0,0.0,0.0,0.0,0.0,0.6914352957747938
31.241669178009033,0.0,0.0,0.0,0.0,0.0,0.0,0.0,0.6856682892900077
31.280239582061768,0.0,0.0,0.0,0.0,0.0,0.0,0.0,0.6782995406316936
31.321314573287964,0.0,0.0,0.0,0.0,0.0,0.0,0.0,0.6710936826551731
31.358813285827637,0.0,0.0,0.0,0.0,0.0,0.0,0.0,0.6657357468083533
31.395406484603882,0.0,0.0,0.0,0.0,0.0,0.0,0.0,0.662633386472774
31.430413722991943,0.0,0.0,0.0,0.0,0.0,0.0,0.0,0.6601772648320988
31.452110052108765,0.0,0.0,0.0,0.0,0.0,0.0,0.0,0.6564018368707206
31.49161958694458,0.0,0.0,0.0,0.0,0.0,0.0,0.0,0.6556355038566147
31.51223611831665,0.0,0.0,0.0,0.0,0.0,0.0,0.0,0.6588968666604348
31.53258776664734,0.0,0.0,0.0,0.0,0.0,0.0,0.0,0.6583060417482354
31.558958292007446,0.0,0.0,0.0,0.0,0.0,0.0,0.0,0.6553664537989449
31.590435028076172,0.0,0.0,0.0,0.0,0.0,0.0,0.0,0.6535727938426864
31.625489711761475,0.0,0.0,0.0,0.0,0.0,0.0,0.0,0.6575209760536241
31.660510301589966,0.0,0.0,0.0,0.0,0.0,0.0,0.0,0.6586382267092616
31.693917274475098,0.0,0.0,0.0,0.0,0.0,0.0,0.0,0.6645275173204095
31.79790496826172,0.08,0.0,0.61,0.02,0.21,0.0,0.08,0.6701283344387132
31.88878083229065,0.02,0.0,0.61,0.01,0.23,0.0,0.12,0.6787943651597902
31.918972730636597,0.0,0.0,0.0,0.0,0.0,0.0,0.0,0.6943532318827447
31.946491956710815,0.0,0.0,0.0,0.0,0.0,0.0,0.0,0.6994089441224105
31.973543643951416,0.0,0.0,0.0,0.0,0.0,0.0,0.0,0.7077344016049879
32.01743698120117,0.0,0.0,0.0,0.0,0.0,0.0,0.0,0.7112348491299612
32.04583239555359,0.0,0.0,0.0,0.0,0.0,0.0,0.0,0.7179040177135286
32.077447175979614,0.0,0.0,0.0,0.0,0.0,0.0,0.0,0.7235109345765409
32.10584902763367,0.0,0.0,0.0,0.0,0.0,0.0,0.0,0.7277517481013682
32.15406513214111,0.0,0.0,0.0,0.0,0.0,0.0,0.0,0.7333598103736021
32.18690013885498,0.0,0.0,0.0,0.0,0.0,0.0,0.0,0.7371433922911601
32.21442198753357,0.0,0.0,0.0,0.0,0.0,0.0,0.0,0.7368906503728854
32.239476442337036,0.0,0.0,0.0,0.0,0.0,0.0,0.0,0.7387468629169435
32.26195168495178,0.0,0.0,0.0,0.0,0.0,0.0,0.0,0.7380466286164354
32.306480169296265,0.0,0.0,0.0,0.0,0.0,0.0,0.0,0.7351201212720975
32.32736873626709,0.0,0.0,0.0,0.0,0.0,0.0,0.0,0.7320178966742104
32.364206314086914,0.0,0.0,0.0,0.0,0.0,0.0,0.0,0.7280083365664106
32.41071677207947,0.0,0.0,0.0,0.0,0.0,0.0,0.0,0.7211623066561287
32.431090116500854,0.0,0.0,0.0,0.0,0.0,0.0,0.0,0.7113357750664929
32.460824728012085,0.0,0.0,0.0,0.0,0.0,0.0,0.0,0.7011755989177747
32.502238273620605,0.0,0.0,0.0,0.0,0.0,0.0,0.0,0.6894367385722344
32.535038232803345,0.0,0.0,0.0,0.0,0.0,0.0,0.0,0.6751688088852036
32.59011769294739,0.0,0.0,0.0,0.0,0.0,0.0,0.0,0.6583582022974516
32.61962532997131,0.0,0.0,0.0,0.0,0.0,0.0,0.0,0.6382701295937087
32.646597146987915,0.0,0.0,0.0,0.0,0.0,0.0,0.0,0.6176532335399674
32.67457699775696,0.0,0.0,0.0,0.0,0.0,0.0,0.0,0.5947203878082727
32.704965591430664,0.0,0.0,0.0,0.0,0.0,0.0,0.0,0.5683444669512128
32.73585534095764,0.0,0.0,0.0,0.0,0.0,0.0,0.0,0.5405472688253444
32.779974699020386,0.0,0.0,0.0,0.0,0.0,0.0,0.0,0.518607877415774
32.80935978889465,0.0,0.0,0.0,0.0,0.0,0.0,0.0,0.4926219211010302
32.837918281555176,0.0,0.0,0.0,0.0,0.0,0.0,0.0,0.4638487358194997
32.87628149986267,0.0,0.0,0.0,0.0,0.0,0.0,0.0,0.43834380893035474
32.905333518981934,0.0,0.0,0.0,0.0,0.0,0.0,0.0,0.406169962318099
32.94510865211487,0.0,0.0,0.0,0.0,0.0,0.0,0.0,0.3822522886163504
32.97596526145935,0.0,0.0,0.0,0.0,0.0,0.0,0.0,0.36218276450483056
33.007591009140015,0.0,0.0,0.0,0.0,0.0,0.0,0.0,0.33675564063036567
33.045756101608276,0.0,0.0,0.0,0.0,0.0,0.0,0.0,0.0
33.07877469062805,0.0,0.0,0.0,0.0,0.0,0.0,0.0,0.0
33.11078667640686,0.0,0.0,0.0,0.0,0.0,0.0,0.0,0.0
33.146612882614136,0.0,0.0,0.0,0.0,0.0,0.0,0.0,0.25295660104838136
33.17755103111267,0.0,0.0,0.0,0.0,0.0,0.0,0.0,0.0
33.20959258079529,0.0,0.0,0.0,0.0,0.0,0.0,0.0,0.0
33.24173331260681,0.0,0.0,0.0,0.0,0.0,0.0,0.0,0.0
33.27288508415222,0.0,0.0,0.0,0.0,0.0,0.0,0.0,0.0
33.314181089401245,0.0,0.0,0.0,0.0,0.0,0.0,0.0,0.0
33.352073431015015,0.0,0.0,0.0,0.0,0.0,0.0,0.0,0.0
33.38355326652527,0.0,0.0,0.0,0.0,0.0,0.0,0.0,0.0
33.41510200500488,0.0,0.0,0.0,0.0,0.0,0.0,0.0,0.0
33.43981957435608,0.0,0.0,0.0,0.0,0.0,0.0,0.0,0.0
33.4625563621521,0.0,0.0,0.0,0.0,0.0,0.0,0.0,0.0
33.492769718170166,0.0,0.0,0.0,0.0,0.0,0.0,0.0,0.0
33.52598524093628,0.0,0.0,0.0,0.0,0.0,0.0,0.0,0.0
33.569586753845215,0.0,0.0,0.0,0.0,0.0,0.0,0.0,0.0
33.65590023994446,0.0,0.0,0.0,0.0,0.0,0.0,0.0,0.0
33.67878437042236,0.0,0.0,0.0,0.0,0.0,0.0,0.0,0.0
33.70536208152771,0.0,0.0,0.0,0.0,0.0,0.0,0.0,0.0
33.72464632987976,0.0,0.0,0.0,0.0,0.0,0.0,0.0,0.0
33.761423110961914,0.0,0.0,0.0,0.0,0.0,0.0,0.0,0.0
33.79748272895813,0.0,0.0,0.0,0.0,0.0,0.0,0.0,0.0
33.8183069229126,0.0,0.0,0.0,0.0,0.0,0.0,0.0,0.0
33.892266035079956,0.0,0.0,0.0,0.0,0.0,0.0,0.0,0.0
33.94448709487915,0.0,0.0,0.0,0.0,0.0,0.0,0.0,0.0
33.98041367530823,0.0,0.0,0.0,0.0,0.0,0.0,0.0,0.0
34.00998044013977,0.0,0.0,0.0,0.0,0.0,0.0,0.0,0.0
34.04364466667175,0.0,0.0,0.0,0.0,0.0,0.0,0.0,0.0
34.082216024398804,0.0,0.0,0.0,0.0,0.0,0.0,0.0,0.0
34.17503643035889,0.03,0.0,0.54,0.0,0.3,0.0,0.13,0.0
34.21161651611328,0.0,0.0,0.0,0.0,0.0,0.0,0.0,0.2945982536341034
34.24121379852295,0.0,0.0,0.0,0.0,0.0,0.0,0.0,0.0
34.26983451843262,0.0,0.0,0.0,0.0,0.0,0.0,0.0,0.0
34.29733753204346,0.0,0.0,0.0,0.0,0.0,0.0,0.0,0.0
34.326783895492554,0.0,0.0,0.0,0.0,0.0,0.0,0.0,0.0
34.35302996635437,0.0,0.0,0.0,0.0,0.0,0.0,0.0,0.0
34.3971745967865,0.0,0.0,0.0,0.0,0.0,0.0,0.0,0.0
34.42131590843201,0.0,0.0,0.0,0.0,0.0,0.0,0.0,0.0
34.44539546966553,0.0,0.0,0.0,0.0,0.0,0.0,0.0,0.0
34.480265378952026,0.0,0.0,0.0,0.0,0.0,0.0,0.0,0.0
34.52810978889465,0.0,0.0,0.0,0.0,0.0,0.0,0.0,0.0
34.54841470718384,0.0,0.0,0.0,0.0,0.0,0.0,0.0,0.0
34.58061099052429,0.0,0.0,0.0,0.0,0.0,0.0,0.0,0.0
34.630030155181885,0.0,0.0,0.0,0.0,0.0,0.0,0.0,0.0
34.65050792694092,0.0,0.0,0.0,0.0,0.0,0.0,0.0,0.0
34.67806077003479,0.0,0.0,0.0,0.0,0.0,0.0,0.0,0.0
34.714608669281006,0.0,0.0,0.0,0.0,0.0,0.0,0.0,0.0
34.75838875770569,0.0,0.0,0.0,0.0,0.0,0.0,0.0,0.0
34.77963852882385,0.0,0.0,0.0,0.0,0.0,0.0,0.0,0.0
34.813910484313965,0.0,0.0,0.0,0.0,0.0,0.0,0.0,0.0
34.84545874595642,0.0,0.0,0.0,0.0,0.0,0.0,0.0,0.0
34.87803030014038,0.0,0.0,0.0,0.0,0.0,0.0,0.0,0.0
34.929152965545654,0.0,0.0,0.0,0.0,0.0,0.0,0.0,0.0
34.94727063179016,0.0,0.0,0.0,0.0,0.0,0.0,0.0,0.0
34.98069167137146,0.0,0.0,0.0,0.0,0.0,0.0,0.0,0.0
35.014806032180786,0.0,0.0,0.0,0.0,0.0,0.0,0.0,0.0
35.04506230354309,0.0,0.0,0.0,0.0,0.0,0.0,0.0,0.0
35.079304933547974,0.0,0.0,0.0,0.0,0.0,0.0,0.0,0.0
35.11310124397278,0.0,0.0,0.0,0.0,0.0,0.0,0.0,0.0
35.15462327003479,0.0,0.0,0.0,0.0,0.0,0.0,0.0,0.0
35.18010067939758,0.0,0.0,0.0,0.0,0.0,0.0,0.0,0.0
35.22479796409607,0.0,0.0,0.0,0.0,0.0,0.0,0.0,0.0
35.26603984832764,0.0,0.0,0.0,0.0,0.0,0.0,0.0,0.0
35.303961753845215,0.0,0.0,0.0,0.0,0.0,0.0,0.0,0.0
35.3418869972229,0.0,0.0,0.0,0.0,0.0,0.0,0.0,0.0
35.36786937713623,0.0,0.0,0.0,0.0,0.0,0.0,0.0,0.0
35.38906145095825,0.0,0.0,0.0,0.0,0.0,0.0,0.0,0.0
35.42506265640259,0.0,0.0,0.0,0.0,0.0,0.0,0.0,0.0
35.46400737762451,0.0,0.0,0.0,0.0,0.0,0.0,0.0,0.0
35.48972463607788,0.0,0.0,0.0,0.0,0.0,0.0,0.0,0.0
35.57676577568054,0.04,0.0,0.46,0.01,0.33,0.0,0.16,0.18783110212217546
35.68836832046509,0.04,0.0,0.45,0.01,0.37,0.0,0.14,0.2168259343919966
35.782458782196045,0.05,0.0,0.48,0.01,0.36,0.0,0.1,0.37613076947426505
35.863649129867554,0.04,0.0,0.51,0.01,0.34,0.0,0.1,0.4166681916257484
35.89461612701416,0.0,0.0,0.0,0.0,0.0,0.0,0.0,0.5140214302755398
35.925304651260376,0.0,0.0,0.0,0.0,0.0,0.0,0.0,0.547335501667906
35.95402693748474,0.0,0.0,0.0,0.0,0.0,0.0,0.0,0.5689250028520473
35.97941708564758,0.0,0.0,0.0,0.0,0.0,0.0,0.0,0.5832385678405827
36.00060272216797,0.0,0.0,0.0,0.0,0.0,0.0,0.0,0.5937851686589123
36.02268314361572,0.0,0.0,0.0,0.0,0.0,0.0,0.0,0.6078501381512428
36.04315114021301,0.0,0.0,0.0,0.0,0.0,0.0,0.0,0.622035902701642
36.11050295829773,0.03,0.0,0.43,0.0,0.43,0.0,0.1,0.6359625415065111
36.16670250892639,0.05,0.0,0.31,0.02,0.42,0.0,0.2,0.6510179631993736
36.18724989891052,0.0,0.0,0.0,0.0,0.0,0.0,0.0,0.668624531856517
36.20845365524292,0.0,0.0,0.0,0.0,0.0,0.0,0.0,0.6835176235665857
36.23070740699768,0.0,0.0,0.0,0.0,0.0,0.0,0.0,0.69904815934001
36.254721879959106,0.0,0.0,0.0,0.0,0.0,0.0,0.0,0.714799505077851
36.30154824256897,0.0,0.0,0.0,0.0,0.0,0.0,0.0,0.728809049735026
36.32514429092407,0.0,0.0,0.0,0.0,0.0,0.0,0.0,0.7428948993081094
36.34750819206238,0.0,0.0,0.0,0.0,0.0,0.0,0.0,0.7585263514819052
36.37969470024109,0.0,0.0,0.0,0.0,0.0,0.0,0.0,0.7747604496359575
36.43906235694885,0.0,0.0,0.0,0.0,0.0,0.0,0.0,0.7917459222892981
36.47776556015015,0.0,0.0,0.0,0.0,0.0,0.0,0.0,0.808064782000782
36.51234197616577,0.0,0.0,0.0,0.0,0.0,0.0,0.0,0.8225942858656319
36.54720950126648,0.0,0.0,0.0,0.0,0.0,0.0,0.0,0.8325259589661749
36.58637523651123,0.0,0.0,0.0,0.0,0.0,0.0,0.0,0.8460156493130873
36.615227937698364,0.0,0.0,0.0,0.0,0.0,0.0,0.0,0.855706405097559
36.6555392742157,0.0,0.0,0.0,0.0,0.0,0.0,0.0,0.8622132716586934
36.68063426017761,0.0,0.0,0.0,0.0,0.0,0.0,0.0,0.8677533419550381
36.74605321884155,0.27,0.0,0.18,0.0,0.16,0.02,0.36,0.8716517432283626
36.76725673675537,0.0,0.0,0.0,0.0,0.0,0.0,0.0,0.8736450036852025
36.792603969573975,0.0,0.0,0.0,0.0,0.0,0.0,0.0,0.8745220507634782
36.81446671485901,0.0,0.0,0.0,0.0,0.0,0.0,0.0,0.8745616042351687
36.834269285202026,0.0,0.0,0.0,0.0,0.0,0.0,0.0,0.873217264483356
36.894105672836304,0.34,0.01,0.12,0.0,0.18,0.03,0.33,0.8713290813047818
36.95503878593445,0.16,0.0,0.21,0.0,0.16,0.08,0.39,0.8666213400783034
37.04876923561096,0.18,0.0,0.22,0.0,0.19,0.07,0.34,0.8643692531372295
37.129416704177856,0.3,0.0,0.22,0.0,0.13,0.09,0.26,0.8509410344289503
37.23168969154358,0.28,0.0,0.22,0.0,0.23,0.03,0.24,0.846615141497118
37.315592527389526,0.16,0.0,0.27,0.0,0.14,0.04,0.39,0.8322726350647385
37.41390085220337,0.11,0.0,0.13,0.0,0.19,0.03,0.55,0.8281633464866264
37.52490043640137,0.13,0.0,0.18,0.0,0.27,0.01,0.41,0.8369502705639011
37.60238313674927,0.13,0.0,0.09,0.0,0.25,0.01,0.52,0.8497451219417038
37.67727541923523,0.22,0.0,0.06,0.0,0.29,0.0,0.43,0.8486723841582359
37.764442682266235,0.13,0.0,0.05,0.0,0.25,0.0,0.56,0.8574379724884191
37.83373284339905,0.11,0.0,0.08,0.0,0.15,0.01,0.65,0.8575806298310131
37.89869284629822,0.16,0.0,0.08,0.0,0.29,0.05,0.42,0.8608224769474726
38.00293469429016,0.09,0.01,0.08,0.0,0.24,0.02,0.56,0.8561571512458444
38.07312369346619,0.29,0.0,0.06,0.01,0.23,0.03,0.38,0.8521986472969283
38.17401432991028,0.07,0.0,0.05,0.0,0.25,0.01,0.61,0.8354756797245325
38.28061532974243,0.18,0.0,0.25,0.02,0.22,0.11,0.23,0.8543202840735495
38.388808488845825,0.13,0.0,0.03,0.0,0.32,0.02,0.5,0.8674194664670045
38.48958110809326,0.06,0.0,0.07,0.01,0.35,0.03,0.47,0.8693000899247593
38.652522563934326,0.1,0.0,0.09,0.0,0.17,0.02,0.62,0.884827611875762
38.744940757751465,0.12,0.0,0.06,0.0,0.27,0.02,0.52,0.8959228300826777
38.81966710090637,0.3,0.01,0.17,0.0,0.28,0.04,0.2,0.8965671164402185
38.929375886917114,0.15,0.0,0.15,0.0,0.32,0.03,0.35,0.8985848129124733
39.0352942943573,0.22,0.0,0.06,0.0,0.37,0.05,0.3,0.9106000780540485
39.119521379470825,0.27,0.0,0.1,0.01,0.26,0.04,0.32,0.9129160947645679
39.25166869163513,0.14,0.0,0.06,0.02,0.31,0.05,0.43,0.913489656841457
39.3651008605957,0.15,0.0,0.05,0.01,0.28,0.03,0.48,0.910321817665769
39.509499311447144,0.25,0.0,0.05,0.03,0.26,0.06,0.35,0.9060002731460681
39.56692147254944,0.15,0.0,0.07,0.04,0.38,0.02,0.34,0.8993495382911465
39.62506127357483,0.1,0.0,0.07,0.01,0.21,0.03,0.59,0.9006754426888539
39.686015129089355,0.12,0.0,0.08,0.01,0.23,0.03,0.53,0.8949611050215158
39.750373125076294,0.14,0.0,0.08,0.01,0.33,0.02,0.42,0.8920343519556022
39.810890913009644,0.23,0.0,0.09,0.01,0.41,0.03,0.24,0.8905386336861258
39.86911869049072,0.37,0.0,0.05,0.0,0.29,0.01,0.28,0.8884108959344343
39.932860136032104,0.26,0.0,0.06,0.0,0.31,0.01,0.37,0.8880116361516167
39.99073791503906,0.21,0.0,0.03,0.0,0.24,0.0,0.51,0.8886231915188609
40.047810316085815,0.35,0.0,0.07,0.01,0.35,0.04,0.17,0.8850406879257937
40.115509033203125,0.36,0.0,0.11,0.0,0.31,0.0,0.23,0.8311925744186914
40.198171615600586,0.2,0.0,0.13,0.0,0.48,0.0,0.18,0.8169977640356989
40.268322467803955,0.26,0.0,0.05,0.0,0.35,0.0,0.33,0.8029407694558213
40.33278679847717,0.2,0.0,0.19,0.0,0.41,0.01,0.19,0.7855534072523686
40.390891790390015,0.27,0.0,0.32,0.0,0.28,0.03,0.1,0.7825356744844165
40.461942195892334,0.45,0.01,0.31,0.0,0.11,0.01,0.12,0.7809949771487492
40.520880460739136,0.19,0.0,0.51,0.0,0.2,0.02,0.08,0.7702735550868425
40.58222055435181,0.23,0.0,0.35,0.0,0.17,0.0,0.25,0.7667246663709337
40.637415409088135,0.23,0.02,0.31,0.0,0.09,0.01,0.34,0.7606161390061771
40.70274233818054,0.31,0.02,0.29,0.0,0.18,0.02,0.19,0.753717532560685
40.76371884346008,0.32,0.0,0.44,0.0,0.12,0.04,0.07,0.7394084900632834
40.82417559623718,0.28,0.0,0.32,0.0,0.13,0.09,0.18,0.733122622789801
40.884803771972656,0.34,0.0,0.27,0.0,0.12,0.02,0.24,0.7317301370347686
40.94488883018494,0.37,0.0,0.32,0.0,0.09,0.04,0.18,0.7309629025237527
41.018909215927124,0.39,0.0,0.36,0.0,0.08,0.04,0.13,0.731116968861488
41.10266065597534,0.37,0.0,0.38,0.0,0.09,0.03,0.13,0.733502752257692
41.13468265533447,0.0,0.0,0.0,0.0,0.0,0.0,0.0,0.7391668489716503
41.16786813735962,0.0,0.0,0.0,0.0,0.0,0.0,0.0,0.737803419528333
41.202327728271484,0.0,0.0,0.0,0.0,0.0,0.0,0.0,0.7384968712215547
41.23690342903137,0.0,0.0,0.0,0.0,0.0,0.0,0.0,0.7383260375592435
41.267399311065674,0.0,0.0,0.0,0.0,0.0,0.0,0.0,0.7389561499378157
41.2991464138031,0.0,0.0,0.0,0.0,0.0,0.0,0.0,0.7395815666009053
41.331547498703,0.0,0.0,0.0,0.0,0.0,0.0,0.0,0.7445783806339559
41.35854434967041,0.0,0.0,0.0,0.0,0.0,0.0,0.0,0.7436982748064753
41.38595509529114,0.0,0.0,0.0,0.0,0.0,0.0,0.0,0.7475187912805171
41.41978478431702,0.0,0.0,0.0,0.0,0.0,0.0,0.0,0.7489863830359164
41.45251250267029,0.0,0.0,0.0,0.0,0.0,0.0,0.0,0.7505799351606194
41.48373556137085,0.0,0.0,0.0,0.0,0.0,0.0,0.0,0.756148628323121
41.51597881317139,0.0,0.0,0.0,0.0,0.0,0.0,0.0,0.7564123563521613
41.54751992225647,0.0,0.0,0.0,0.0,0.0,0.0,0.0,0.7579566739033685
41.58166027069092,0.0,0.0,0.0,0.0,0.0,0.0,0.0,0.7596997159148701
41.62294673919678,0.0,0.0,0.0,0.0,0.0,0.0,0.0,0.7596342034313851
41.6589195728302,0.0,0.0,0.0,0.0,0.0,0.0,0.0,0.7629156042087037
41.69196176528931,0.0,0.0,0.0,0.0,0.0,0.0,0.0,0.7631173647682491
41.719374656677246,0.0,0.0,0.0,0.0,0.0,0.0,0.0,0.7649166534507843
41.74961853027344,0.0,0.0,0.0,0.0,0.0,0.0,0.0,0.7634381965679519
41.7817587852478,0.0,0.0,0.0,0.0,0.0,0.0,0.0,0.7617344911987058
41.811320781707764,0.0,0.0,0.0,0.0,0.0,0.0,0.0,0.7579787777701559
41.84730839729309,0.0,0.0,0.0,0.0,0.0,0.0,0.0,0.7570124573531848
41.886361837387085,0.0,0.0,0.0,0.0,0.0,0.0,0.0,0.7547046308029999
41.923152685165405,0.0,0.0,0.0,0.0,0.0,0.0,0.0,0.7553453147637039
41.951229095458984,0.0,0.0,0.0,0.0,0.0,0.0,0.0,0.7549633982923049
41.986414194107056,0.0,0.0,0.0,0.0,0.0,0.0,0.0,0.7566589338349675
42.0269672870636,0.0,0.0,0.0,0.0,0.0,0.0,0.0,0.7602718164831094
42.45958399772644,0.0,0.0,0.0,0.0,0.0,0.0,0.0,0.7619883576529557
42.486506938934326,0.0,0.0,0.0,0.0,0.0,0.0,0.0,0.7587450918139225
42.509302616119385,0.0,0.0,0.0,0.0,0.0,0.0,0.0,0.7551183295447784
42.53032565116882,0.0,0.0,0.0,0.0,0.0,0.0,0.0,0.752375252985598
42.55429720878601,0.0,0.0,0.0,0.0,0.0,0.0,0.0,0.7542620782669132
42.60822010040283,0.0,0.0,0.0,0.0,0.0,0.0,0.0,0.7591591353492498
42.62874722480774,0.0,0.0,0.0,0.0,0.0,0.0,0.0,0.7637585884416851
42.67344570159912,0.0,0.0,0.0,0.0,0.0,0.0,0.0,0.7703866781362723
42.70408773422241,0.0,0.0,0.0,0.0,0.0,0.0,0.0,0.7786231573093114
42.728047609329224,0.0,0.0,0.0,0.0,0.0,0.0,0.0,0.7882072924267426
42.755248069763184,0.0,0.0,0.0,0.0,0.0,0.0,0.0,0.7931186551045855
42.79165697097778,0.0,0.0,0.0,0.0,0.0,0.0,0.0,0.8017545073741978
42.82311987876892,0.0,0.0,0.0,0.0,0.0,0.0,0.0,0.8045059165467858
42.85457921028137,0.0,0.0,0.0,0.0,0.0,0.0,0.0,0.8114311850038323
42.8922073841095,0.0,0.0,0.0,0.0,0.0,0.0,0.0,0.81855197766989
42.942723989486694,0.0,0.0,0.0,0.0,0.0,0.0,0.0,0.8248252036413974
43.001667499542236,0.12,0.0,0.13,0.0,0.17,0.03,0.55,0.8307686431342501
43.02674341201782,0.0,0.0,0.0,0.0,0.0,0.0,0.0,0.8379591539588884
43.084412574768066,0.1,0.0,0.19,0.0,0.09,0.07,0.55,0.8446220513500129
43.157713890075684,0.1,0.0,0.11,0.0,0.18,0.02,0.58,0.8492367658848284
43.21456980705261,0.17,0.0,0.21,0.0,0.11,0.05,0.44,0.853716541815156
43.2721164226532,0.17,0.0,0.21,0.0,0.11,0.05,0.44,0.8493185605612802
43.33342218399048,0.2,0.0,0.12,0.01,0.08,0.06,0.54,0.8559363470290121
43.404128313064575,0.25,0.0,0.11,0.01,0.13,0.04,0.46,0.8579070847157324
43.50688171386719,0.11,0.0,0.11,0.0,0.07,0.05,0.65,0.8581045348265667
43.620895862579346,0.14,0.0,0.25,0.01,0.08,0.04,0.5,0.856584184627898
43.693636894226074,0.18,0.0,0.34,0.01,0.05,0.1,0.31,0.8564641739468497
43.76944947242737,0.16,0.0,0.34,0.01,0.09,0.05,0.35,0.8572242873440739
43.84366583824158,0.2,0.0,0.42,0.01,0.08,0.05,0.24,0.8568919885155244
43.90368413925171,0.24,0.0,0.34,0.01,0.05,0.06,0.31,0.8555397498807709
43.97306704521179,0.18,0.0,0.39,0.01,0.07,0.07,0.28,0.8542999524666024
44.044989585876465,0.21,0.0,0.34,0.01,0.06,0.07,0.31,0.8555643857486088
44.11538100242615,0.19,0.0,0.36,0.01,0.07,0.05,0.31,0.854413359788285
44.19478225708008,0.22,0.0,0.36,0.01,0.07,0.07,0.27,0.8553082057587218
44.269951581954956,0.13,0.0,0.46,0.01,0.07,0.08,0.25,0.854147469365509
44.367990016937256,0.21,0.0,0.29,0.01,0.07,0.05,0.37,0.8535500196767569
44.473522424697876,0.14,0.0,0.38,0.01,0.11,0.07,0.29,0.8513379736702158
44.5844624042511,0.2,0.0,0.38,0.01,0.06,0.07,0.28,0.85128122496135
44.67964434623718,0.16,0.0,0.38,0.01,0.1,0.06,0.29,0.8522192772999105
44.77920937538147,0.14,0.0,0.3,0.01,0.08,0.05,0.43,0.8486228377193694
44.81217813491821,0.0,0.0,0.0,0.0,0.0,0.0,0.0,0.8488556678224113
44.84505534172058,0.0,0.0,0.0,0.0,0.0,0.0,0.0,0.8489024084413763
44.94127035140991,0.13,0.0,0.21,0.01,0.07,0.03,0.55,0.847029187356352
44.96803116798401,0.0,0.0,0.0,0.0,0.0,0.0,0.0,0.8455792396889901
45.013006925582886,0.0,0.0,0.0,0.0,0.0,0.0,0.0,0.8459674828519659
45.1345489025116,0.19,0.0,0.21,0.02,0.06,0.03,0.49,0.8448659246700698
45.15786910057068,0.0,0.0,0.0,0.0,0.0,0.0,0.0,0.8434293952958745
45.24636960029602,0.16,0.0,0.25,0.01,0.08,0.03,0.47,0.8440193694808271
45.362945556640625,0.17,0.0,0.32,0.0,0.07,0.04,0.39,0.8424712478129751
45.46193861961365,0.2,0.0,0.27,0.02,0.06,0.03,0.42,0.8426891961545602
45.55462884902954,0.16,0.0,0.27,0.01,0.06,0.03,0.48,0.8431328269548788
45.635762214660645,0.08,0.0,0.35,0.01,0.14,0.1,0.32,0.8423567839520981
45.72356033325195,0.18,0.0,0.26,0.01,0.13,0.04,0.38,0.8418535952117052
45.81592273712158,0.12,0.0,0.22,0.01,0.06,0.02,0.58,0.8421060380755178
45.91792964935303,0.12,0.0,0.21,0.01,0.06,0.02,0.58,0.8443734012979836
46.016002893447876,0.15,0.0,0.29,0.0,0.07,0.02,0.46,0.8445260852144341
46.09852981567383,0.16,0.0,0.31,0.01,0.09,0.02,0.41,0.8458921562004798
46.20013451576233,0.13,0.0,0.29,0.01,0.06,0.02,0.5,0.8450259771785309
46.30938220024109,0.11,0.0,0.25,0.01,0.06,0.02,0.55,0.8429819934257552
46.40155649185181,0.1,0.0,0.28,0.01,0.08,0.02,0.52,0.841972490365226
46.49536919593811,0.11,0.0,0.25,0.01,0.06,0.02,0.56,0.8424602915014979
46.57855224609375,0.12,0.0,0.31,0.01,0.07,0.02,0.47,0.8396152524609801
46.66295599937439,0.12,0.0,0.27,0.01,0.07,0.02,0.53,0.8397473360025998
46.744922161102295,0.1,0.0,0.27,0.01,0.06,0.03,0.53,0.8384574508050426
46.84303951263428,0.1,0.0,0.21,0.01,0.07,0.01,0.6,0.8393588364559206
46.874900341033936,0.0,0.0,0.0,0.0,0.0,0.0,0.0,0.8390514037524264
46.90708684921265,0.0,0.0,0.0,0.0,0.0,0.0,0.0,0.8387053245974112
46.94595432281494,0.0,0.0,0.0,0.0,0.0,0.0,0.0,0.8389994220936352
47.03917336463928,0.05,0.0,0.13,0.03,0.04,0.02,0.74,0.8377992180283915
47.152681827545166,0.09,0.0,0.19,0.01,0.06,0.02,0.63,0.8391720979083419
47.24236035346985,0.11,0.0,0.19,0.0,0.06,0.02,0.63,0.8391443823071867
47.3321475982666,0.13,0.0,0.26,0.01,0.07,0.02,0.52,0.8402266045140011
47.419289112091064,0.1,0.0,0.21,0.01,0.07,0.02,0.59,0.8396892942079374
47.529491662979126,0.06,0.0,0.12,0.01,0.06,0.01,0.74,0.838495601168354
47.61588406562805,0.08,0.0,0.18,0.01,0.05,0.02,0.66,0.8383865097870808
47.70429277420044,0.1,0.0,0.18,0.01,0.05,0.02,0.63,0.8375251190348905
47.80970907211304,0.08,0.0,0.16,0.01,0.05,0.01,0.68,0.8374360335918705
47.90503406524658,0.16,0.0,0.17,0.01,0.05,0.01,0.6,0.837531070380767
47.99614644050598,0.16,0.0,0.22,0.01,0.05,0.02,0.54,0.8376679899048534
48.085108041763306,0.08,0.0,0.16,0.01,0.04,0.01,0.69,0.8370280753114123
48.164642333984375,0.14,0.0,0.19,0.01,0.05,0.01,0.6,0.8373008554556327
48.251134157180786,0.15,0.0,0.21,0.02,0.07,0.01,0.54,0.8366323987696053
48.352165937423706,0.17,0.0,0.24,0.01,0.08,0.01,0.5,0.8373153569211877
48.44349980354309,0.12,0.0,0.25,0.02,0.07,0.02,0.52,0.8385277045723899
48.53646206855774,0.13,0.0,0.3,0.01,0.1,0.02,0.45,0.8376104711580804
48.618408203125,0.15,0.0,0.22,0.01,0.09,0.01,0.51,0.8375261559189788
48.705663442611694,0.1,0.0,0.22,0.01,0.05,0.03,0.58,0.8376443377962661
48.80421280860901,0.12,0.0,0.21,0.01,0.06,0.01,0.59,0.8371185682461588
48.90361928939819,0.13,0.0,0.26,0.01,0.07,0.01,0.51,0.839073392553356
48.995224952697754,0.09,0.0,0.18,0.01,0.07,0.03,0.64,0.8435609153739722
49.0851833820343,0.15,0.0,0.15,0.01,0.12,0.02,0.55,0.8446379209897892
49.17693257331848,0.1,0.0,0.19,0.01,0.07,0.03,0.59,0.8490404070164526
49.26314568519592,0.14,0.0,0.24,0.01,0.11,0.01,0.49,0.8545271272922971
49.3501558303833,0.1,0.0,0.23,0.0,0.14,0.01,0.51,0.8542819368548422
49.43689680099487,0.2,0.0,0.18,0.01,0.1,0.02,0.5,0.8611314488459202
49.52856779098511,0.18,0.0,0.17,0.01,0.08,0.02,0.55,0.8584265974764504
49.652297258377075,0.17,0.0,0.27,0.01,0.1,0.02,0.44,0.8585353719057746
49.753145933151245,0.14,0.0,0.23,0.0,0.18,0.02,0.43,0.8592081914145852
49.84428858757019,0.33,0.0,0.14,0.01,0.19,0.05,0.28,0.8608433177820918
49.92733407020569,0.15,0.0,0.19,0.01,0.12,0.07,0.47,0.8604526358463856
50.01444935798645,0.09,0.0,0.19,0.01,0.04,0.04,0.63,0.8602733313868199
50.1073842048645,0.12,0.0,0.26,0.01,0.06,0.06,0.5,0.8568667202496252
50.19420099258423,0.18,0.0,0.22,0.0,0.03,0.1,0.46,0.8502218935146628
50.323471546173096,0.17,0.0,0.19,0.0,0.04,0.05,0.55,0.8492956281515986
50.4298734664917,0.22,0.0,0.18,0.0,0.03,0.04,0.54,0.844839335815631
50.52627754211426,0.18,0.0,0.4,0.0,0.08,0.05,0.29,0.8446350370891333
50.62784123420715,0.2,0.0,0.31,0.0,0.04,0.04,0.4,0.8433373960184922
50.73442625999451,0.17,0.0,0.33,0.0,0.04,0.03,0.43,0.8446454156341328
50.82710385322571,0.28,0.0,0.23,0.0,0.09,0.02,0.38,0.8361804396656645
50.92066025733948,0.18,0.0,0.26,0.0,0.14,0.03,0.38,0.8379532323353328
51.02104902267456,0.2,0.0,0.36,0.0,0.09,0.03,0.32,0.840665970981347
51.1247341632843,0.11,0.0,0.31,0.01,0.1,0.04,0.44,0.8432119796373472
51.235355854034424,0.06,0.0,0.33,0.0,0.05,0.02,0.53,0.8455050282718738
51.33369517326355,0.15,0.0,0.25,0.01,0.08,0.02,0.5,0.8472148933617571
51.422033071517944,0.24,0.0,0.26,0.01,0.12,0.04,0.33,0.8483350899450068
51.50903296470642,0.21,0.0,0.25,0.01,0.14,0.04,0.34,0.8484393756421709
51.59007549285889,0.15,0.0,0.15,0.0,0.07,0.02,0.61,0.847388022056381
51.70700740814209,0.18,0.0,0.16,0.0,0.06,0.03,0.57,0.8468244309806785
51.780402421951294,0.14,0.0,0.13,0.0,0.14,0.03,0.56,0.8465686075435939
51.830703020095825,0.25,0.0,0.23,0.0,0.15,0.02,0.35,0.844666208629661
51.87638282775879,0.16,0.0,0.09,0.0,0.13,0.01,0.6,0.8423154299638039
51.9228298664093,0.21,0.0,0.12,0.0,0.14,0.01,0.52,0.8403488747051198
51.968059062957764,0.08,0.0,0.12,0.0,0.13,0.02,0.64,0.8406857654483468
52.016732931137085,0.3,0.0,0.16,0.01,0.2,0.12,0.21,0.8408983490315785
52.06481719017029,0.12,0.0,0.15,0.01,0.19,0.04,0.48,0.8405079204261303
52.11314630508423,0.14,0.0,0.11,0.0,0.25,0.01,0.49,0.8413157622771771
52.1600980758667,0.12,0.0,0.12,0.01,0.19,0.02,0.54,0.8402490344458486
52.3527557849884,0.17,0.0,0.15,0.0,0.23,0.01,0.44,0.8415645112856481
52.407352685928345,0.17,0.0,0.11,0.01,0.13,0.03,0.56,0.8425899260032021
52.46349000930786,0.1,0.0,0.09,0.0,0.12,0.01,0.67,0.8444952857705188
52.51586627960205,0.14,0.0,0.05,0.0,0.18,0.01,0.63,0.8421525143988844
52.56009483337402,0.12,0.0,0.11,0.0,0.14,0.0,0.62,0.838771095328141
52.60690665245056,0.13,0.0,0.17,0.0,0.27,0.02,0.41,0.8375652876045296
52.655295610427856,0.05,0.0,0.04,0.0,0.1,0.0,0.8,0.8382991986349544
52.70628309249878,0.08,0.0,0.09,0.01,0.17,0.01,0.64,0.8367539209525819
52.75335454940796,0.08,0.0,0.09,0.01,0.17,0.01,0.64,0.8381282048909495
52.79923939704895,0.16,0.0,0.12,0.0,0.15,0.07,0.5,0.8352886032750673
52.84953784942627,0.09,0.0,0.11,0.02,0.1,0.01,0.67,0.8351491678237216
52.8956298828125,0.13,0.0,0.1,0.0,0.08,0.03,0.66,0.833866900208112
52.94122672080994,0.06,0.0,0.07,0.0,0.13,0.0,0.73,0.8342665111787224
52.98659825325012,0.14,0.0,0.15,0.01,0.11,0.02,0.57,0.8345563912182671
53.031902551651,0.14,0.0,0.06,0.0,0.16,0.02,0.62,0.8340115076323431
53.077221393585205,0.12,0.0,0.09,0.0,0.12,0.01,0.66,0.8335981109923509
53.12929606437683,0.09,0.0,0.05,0.0,0.1,0.01,0.74,0.8335386506604887
53.17973232269287,0.09,0.0,0.06,0.0,0.12,0.01,0.71,0.8333640324142526
53.22494721412659,0.14,0.0,0.07,0.01,0.1,0.01,0.67,0.8337959785851972
53.27064847946167,0.13,0.0,0.17,0.01,0.17,0.02,0.51,0.8342230842967697
53.31649827957153,0.11,0.0,0.09,0.0,0.18,0.02,0.6,0.8338245966488029
53.36544442176819,0.16,0.0,0.14,0.01,0.11,0.02,0.56,0.834227861621395
53.41007161140442,0.13,0.0,0.11,0.01,0.11,0.02,0.64,0.8344779501877378
53.45527195930481,0.08,0.0,0.09,0.01,0.08,0.01,0.74,0.8333269084943034
53.499672412872314,0.09,0.0,0.15,0.01,0.09,0.03,0.64,0.8343683422332848
53.547218799591064,0.08,0.0,0.16,0.02,0.08,0.03,0.64,0.833818692136189
53.589513540267944,0.09,0.0,0.09,0.0,0.18,0.01,0.62,0.8357011442351481
53.633328437805176,0.34,0.0,0.23,0.0,0.09,0.02,0.33,0.8366529295934765
53.6801700592041,0.15,0.0,0.06,0.0,0.06,0.01,0.72,0.8357544359354853
53.72777819633484,0.06,0.0,0.23,0.0,0.15,0.01,0.55,0.836577632645177
53.77246165275574,0.2,0.0,0.23,0.0,0.09,0.02,0.46,0.8357155046322168
53.81840419769287,0.19,0.0,0.23,0.0,0.09,0.01,0.48,0.8357759714183361
53.86414074897766,0.21,0.0,0.35,0.0,0.1,0.01,0.32,0.8352657524132054
53.91066789627075,0.22,0.0,0.39,0.0,0.13,0.02,0.24,0.8344732149370464
53.95640015602112,0.29,0.0,0.28,0.0,0.12,0.02,0.29,0.8351081564287054
54.00139307975769,0.26,0.0,0.16,0.0,0.16,0.01,0.4,0.8346259036056765
54.04834318161011,0.25,0.0,0.24,0.0,0.1,0.01,0.4,0.8372769401419804
54.09552836418152,0.2,0.0,0.27,0.0,0.13,0.01,0.39,0.837153894732506
54.14193391799927,0.27,0.0,0.24,0.0,0.12,0.01,0.36,0.8386885422013513
54.18643236160278,0.16,0.0,0.34,0.0,0.11,0.02,0.38,0.8385103905964608
54.23160171508789,0.22,0.0,0.37,0.0,0.11,0.05,0.25,0.8382710724032838
54.27581191062927,0.07,0.0,0.22,0.0,0.08,0.01,0.61,0.8381475838375436
54.31840658187866,0.19,0.0,0.3,0.0,0.1,0.04,0.37,0.8423095437039839
54.365320444107056,0.18,0.0,0.3,0.0,0.12,0.04,0.35,0.8430075412470108
54.40997624397278,0.14,0.0,0.24,0.01,0.18,0.04,0.39,0.846172326666074
54.45310854911804,0.18,0.0,0.2,0.0,0.13,0.02,0.46,0.8459937055717056
54.49862861633301,0.21,0.0,0.21,0.0,0.13,0.02,0.44,0.8464571301488504
54.54564046859741,0.22,0.0,0.22,0.0,0.15,0.01,0.4,0.8470368818396787
54.59675908088684,0.07,0.0,0.2,0.0,0.15,0.01,0.57,0.8474798247461011
54.64890909194946,0.21,0.0,0.2,0.01,0.15,0.02,0.41,0.8476372161555688
54.703527212142944,0.16,0.0,0.21,0.01,0.1,0.04,0.49,0.8472992381975504
54.754616022109985,0.15,0.0,0.24,0.01,0.1,0.04,0.46,0.8465573241432638
54.81320548057556,0.11,0.0,0.24,0.0,0.14,0.02,0.48,0.8469397519475859
54.865851640701294,0.17,0.0,0.25,0.01,0.06,0.03,0.48,0.8454259894241989
54.922064781188965,0.13,0.0,0.27,0.0,0.1,0.03,0.46,0.8451323827877394
54.97303366661072,0.15,0.0,0.24,0.01,0.18,0.02,0.4,0.8438506048095857
55.02169132232666,0.16,0.0,0.24,0.0,0.12,0.02,0.45,0.8428492339710512
55.07073664665222,0.12,0.0,0.2,0.0,0.08,0.03,0.57,0.8412774458810564
55.11661434173584,0.08,0.0,0.21,0.0,0.09,0.02,0.6,0.840439753654082
55.163989782333374,0.22,0.0,0.22,0.0,0.07,0.04,0.45,0.8400578811023716
55.22397208213806,0.18,0.0,0.25,0.0,0.09,0.04,0.43,0.8358633311927962
55.269532918930054,0.08,0.0,0.35,0.01,0.1,0.03,0.43,0.8353915463024691
55.31388878822327,0.12,0.0,0.27,0.01,0.11,0.03,0.47,0.8322588929336496
55.3594913482666,0.14,0.0,0.16,0.0,0.08,0.01,0.6,0.8324707232129945
55.404643535614014,0.1,0.0,0.23,0.0,0.07,0.03,0.57,0.8325760339521896
55.4481725692749,0.1,0.0,0.17,0.0,0.04,0.01,0.69,0.8309642688711629
55.49198341369629,0.07,0.0,0.3,0.0,0.07,0.01,0.54,0.831990628538737
55.55397129058838,0.1,0.0,0.26,0.0,0.08,0.01,0.54,0.8315679016789169
55.59792375564575,0.18,0.0,0.23,0.0,0.1,0.02,0.48,0.8308424011631896
55.64386224746704,0.11,0.0,0.25,0.0,0.11,0.01,0.52,0.8297930704858956
55.68584680557251,0.08,0.0,0.2,0.0,0.07,0.01,0.65,0.8288511618490386
55.72816228866577,0.1,0.0,0.15,0.0,0.06,0.01,0.68,0.8262652649337033
55.76910471916199,0.05,0.0,0.1,0.0,0.03,0.01,0.81,0.8220214218623803
55.813119649887085,0.06,0.0,0.1,0.0,0.05,0.01,0.78,0.8204330203330451
55.853219747543335,0.07,0.0,0.11,0.0,0.05,0.01,0.76,0.8188483888129885
55.89347290992737,0.1,0.0,0.18,0.0,0.04,0.01,0.67,0.8149897608170764
55.93796443939209,0.13,0.0,0.24,0.0,0.05,0.01,0.56,0.8116377032037647
55.9790313243866,0.16,0.0,0.24,0.0,0.17,0.02,0.4,0.8130163026849474
56.0212619304657,0.14,0.0,0.29,0.0,0.11,0.01,0.43,0.814142050792533
56.03725576400757,0.0,0.0,0.0,0.0,0.0,0.0,0.0,0.8146205835657757
56.07700991630554,0.15,0.0,0.29,0.0,0.14,0.02,0.41,0.8140634402653124
56.12178301811218,0.1,0.0,0.22,0.0,0.13,0.01,0.53,0.8133277077737182
56.16603350639343,0.18,0.0,0.28,0.0,0.14,0.02,0.38,0.8124308590593983
56.20739483833313,0.14,0.0,0.24,0.0,0.08,0.01,0.53,0.8118478607745007
56.24932241439819,0.12,0.0,0.33,0.0,0.08,0.01,0.45,0.8116425473966233
56.29189348220825,0.16,0.0,0.31,0.0,0.07,0.03,0.42,0.8116394587869201
56.334912061691284,0.12,0.0,0.28,0.0,0.06,0.02,0.52,0.8125815336008633
56.35279297828674,0.0,0.0,0.0,0.0,0.0,0.0,0.0,0.81560349334695
56.391846895217896,0.18,0.0,0.26,0.0,0.08,0.05,0.44,0.8173562929122056
56.40884280204773,0.0,0.0,0.0,0.0,0.0,0.0,0.0,0.8197414388534279
56.4514639377594,0.18,0.0,0.28,0.0,0.11,0.03,0.4,0.821848955999229
56.4948308467865,0.16,0.0,0.33,0.0,0.07,0.03,0.4,0.8237224219872035
56.5362548828125,0.15,0.0,0.23,0.0,0.09,0.02,0.5,0.826560270728635
56.5790753364563,0.13,0.0,0.39,0.0,0.11,0.02,0.34,0.8272411983214556
56.595536947250366,0.0,0.0,0.0,0.0,0.0,0.0,0.0,0.82980504482833
56.63836908340454,0.13,0.0,0.33,0.01,0.09,0.02,0.42,0.8303821174894361
56.67891216278076,0.15,0.0,0.21,0.0,0.06,0.03,0.54,0.8321064539041501
56.718348026275635,0.07,0.0,0.21,0.0,0.05,0.02,0.65,0.834351980121687
56.758426666259766,0.09,0.0,0.19,0.01,0.09,0.04,0.57,0.8366280195381433
56.79708981513977,0.08,0.0,0.29,0.0,0.05,0.02,0.56,0.8364010922492466
56.842326164245605,0.07,0.0,0.26,0.01,0.08,0.02,0.57,0.837543790522135
56.889172315597534,0.09,0.0,0.23,0.0,0.14,0.02,0.53,0.8365027609831791
56.93514680862427,0.12,0.0,0.32,0.0,0.13,0.01,0.41,0.8377166007994907
56.98062872886658,0.11,0.0,0.32,0.0,0.14,0.01,0.42,0.8374399033224227
57.02427101135254,0.09,0.0,0.29,0.0,0.09,0.01,0.52,0.8370202730180758
57.06922221183777,0.08,0.0,0.22,0.01,0.08,0.03,0.58,0.8373817873919271
57.11208176612854,0.11,0.0,0.3,0.0,0.15,0.02,0.43,0.8370231841395264
57.15419292449951,0.09,0.0,0.25,0.0,0.15,0.01,0.49,0.836395252060727
57.19374942779541,0.09,0.0,0.26,0.01,0.08,0.01,0.54,0.8356809203323878
57.24292182922363,0.06,0.0,0.3,0.0,0.09,0.02,0.52,0.8342149290814068
57.29072690010071,0.06,0.0,0.25,0.0,0.06,0.04,0.59,0.8351682420175934
57.33548021316528,0.08,0.0,0.29,0.0,0.1,0.01,0.52,0.8364617911301926
57.37874174118042,0.07,0.0,0.17,0.0,0.11,0.01,0.64,0.836614501966473
57.42234754562378,0.11,0.0,0.34,0.0,0.1,0.01,0.43,0.83741562481578
57.46605062484741,0.08,0.0,0.22,0.0,0.09,0.01,0.6,0.8380574732658292
57.513434410095215,0.1,0.0,0.15,0.0,0.09,0.01,0.64,0.8381569794722273
57.556164264678955,0.1,0.0,0.18,0.0,0.1,0.01,0.61,0.8374268158178999
57.60839343070984,0.06,0.0,0.29,0.0,0.09,0.01,0.54,0.8326677109564
57.65556812286377,0.1,0.0,0.3,0.0,0.16,0.01,0.43,0.8317091752191524
57.70105195045471,0.1,0.0,0.27,0.0,0.09,0.01,0.53,0.8310340953001447
57.74618577957153,0.09,0.0,0.28,0.0,0.1,0.02,0.51,0.8298374371695114
57.7953839302063,0.08,0.0,0.3,0.0,0.08,0.03,0.51,0.8292688292124238
57.842546701431274,0.07,0.0,0.3,0.0,0.09,0.02,0.52,0.8281035255588096
57.8822238445282,0.1,0.0,0.36,0.0,0.11,0.02,0.4,0.8283136743749664
57.9251606464386,0.07,0.0,0.29,0.01,0.11,0.03,0.5,0.8289389454260546
57.96863532066345,0.08,0.0,0.46,0.0,0.05,0.03,0.38,0.831201812739481
58.010340213775635,0.1,0.0,0.44,0.0,0.06,0.03,0.37,0.8321207180471424
58.051132678985596,0.07,0.0,0.41,0.0,0.06,0.02,0.43,0.8326788485812567
58.093207359313965,0.11,0.0,0.43,0.0,0.09,0.03,0.34,0.832412976393686
58.13305473327637,0.12,0.0,0.36,0.0,0.06,0.03,0.42,0.8319842391302481
58.174352169036865,0.06,0.0,0.24,0.0,0.07,0.01,0.61,0.8299027948129496
58.217944622039795,0.13,0.0,0.34,0.0,0.1,0.02,0.4,0.8292882241335569
58.26023602485657,0.06,0.0,0.24,0.0,0.1,0.01,0.58,0.8287169588381602
58.300931215286255,0.11,0.0,0.33,0.0,0.17,0.01,0.37,0.8285079766281229
58.34579586982727,0.09,0.0,0.26,0.0,0.13,0.01,0.5,0.828785386561093
58.38942551612854,0.14,0.0,0.2,0.0,0.17,0.01,0.48,0.8292376253967577
58.43669128417969,0.12,0.0,0.3,0.0,0.14,0.02,0.42,0.8293099181047293
58.48247408866882,0.16,0.0,0.4,0.0,0.11,0.02,0.32,0.8297481519200581
58.52704048156738,0.12,0.0,0.31,0.0,0.13,0.02,0.41,0.8291271823984867
